[28.02.2023 02:11:07] ReadyToWork
[28.02.2023 02:11:07] Is tokenData exists
[28.02.2023 02:11:07] Authorisation going
[28.02.2023 02:11:07] Http status: 
[28.02.2023 02:11:07] 200
[28.02.2023 02:11:07] Authorise: 
[28.02.2023 02:11:07] '{"token_type":"Bearer","expires_in":86400,"access_token":"eyJ0eXAiOiJKV1QiLCJhbGciOiJSUzI1NiIsImp0aSI6ImJiYmZlYjY4ZDRjNmI2OGZiZTA1MDQ3YzkzNzdlMzFmMTljOGU5ZjgwNWM2NjZlOGNkZWI3Yzk3YTA2ZTJkMzJhZjUzNzg5MzZhNTgxZWYwIn0.eyJhdWQiOiJjOTYwMmU2Ni1mMzhhLTQyNTEtOWQ3MS1jYTI5YTllOTg1Y2IiLCJqdGkiOiJiYmJmZWI2OGQ0YzZiNjhmYmUwNTA0N2M5Mzc3ZTMxZjE5YzhlOWY4MDVjNjY2ZThjZGViN2M5N2EwNmUyZDMyYWY1Mzc4OTM2YTU4MWVmMCIsImlhdCI6MTY3NzUzOTQ2NywibmJmIjoxNjc3NTM5NDY3LCJleHAiOjE2Nzc2MjU4NjcsInN1YiI6IjkyMzA3MzQiLCJhY2NvdW50X2lkIjozMDg1NjMxMCwiYmFzZV9kb21haW4iOiJhbW9jcm0ucnUiLCJzY29wZXMiOlsicHVzaF9ub3RpZmljYXRpb25zIiwiZmlsZXMiLCJjcm0iLCJmaWxlc19kZWxldGUiLCJub3RpZmljYXRpb25zIl19.iGej6O1GzjUNVWx61H_Mmq0-hJ8fAew-dthCKQ1HlAGtbJFdTtAGMLRzJI7rrI_DobFVmpDqvST2VMT-kpKyxxK44_Y6KDOJobfiUNjOnuSX3JqeBdQKc8J0CRSdu0gbE00eKu22bukrZEuAo6EA2Ti1y6k2GQ4_AftpdIsIhECWH9CaiWERd01oir-t_wso6yW790mPqLzXFRYStrFD34cC1UZgRkdZRlMQZ3zemDfEhWiQiwIo5jHlv4B6B04rEHlwi5OC3nd1_ouVcuRdNW3snmtwREchifClBBr7g6xQ6OO3A3whBLFuluIIc5sgbhn98wJFZanETnS0a-34ZQ","refresh_token":"def50200e2934a7396c3ecf3570ea4572f7d60399f145d47d9e805a6801ef1d85fc7f1930322bb87fbef27a86bea9844fffb2b72ba785db3081a68e684b73e944d5710ec3b33de123d6a57600fc794dc1a6f1f6171faf6abe85aaf225d74997636a651bf5e7644918a49d18cc79924eb1519f758738253cce08345d9dec6973c59ec7d4566700375c7e29d6feaa77301bc597cf9732475af8534b514ec5be39c47fb3dea63eee8ae7e9ede733527053e70386407f6e9208b06eab81a231a343d6db15195b470cc764b686d75b5586ed3115e40caaa42e40987606ca7aeb875037d8f95c6998b7c51ef07cdf93cac5d2ae70dcf11202e0ad5a1d50529f0f9440d89c1824c7387f3a0a8575c92d2fab71182f3c24c05a8390f3b7febefdb0b5af0eb7861e8ea0654fe6109363f909575d5699a2a82ad46741757dc7003be9be7c01df57a2b38d7cd29b2f9db3d7924153c6d7780aebafaff76630e80a39cf4f1d581bfdf827dd341f5bfd2632a2e404d592b11a89df82fa2b09f4fa1da7024288a5ba838da029dc1c6900c321c115240db3bc684e0168fbf86d7a6914d0001d67cd50f8fdf4034aa9fc0aa02c058b7183e58083be7f33a509ede6ecea6e55f7c0892413d8845b8b0f78734f012b8df55ff9d6aa381b77f94e6c6f298bbe1bafa6245"}'
[28.02.2023 02:11:07] ReadyToWork
[28.02.2023 02:11:07] Is tokenData exists: 
[28.02.2023 02:11:07] array (
  'access_token' => 'eyJ0eXAiOiJKV1QiLCJhbGciOiJSUzI1NiIsImp0aSI6ImJiYmZlYjY4ZDRjNmI2OGZiZTA1MDQ3YzkzNzdlMzFmMTljOGU5ZjgwNWM2NjZlOGNkZWI3Yzk3YTA2ZTJkMzJhZjUzNzg5MzZhNTgxZWYwIn0.eyJhdWQiOiJjOTYwMmU2Ni1mMzhhLTQyNTEtOWQ3MS1jYTI5YTllOTg1Y2IiLCJqdGkiOiJiYmJmZWI2OGQ0YzZiNjhmYmUwNTA0N2M5Mzc3ZTMxZjE5YzhlOWY4MDVjNjY2ZThjZGViN2M5N2EwNmUyZDMyYWY1Mzc4OTM2YTU4MWVmMCIsImlhdCI6MTY3NzUzOTQ2NywibmJmIjoxNjc3NTM5NDY3LCJleHAiOjE2Nzc2MjU4NjcsInN1YiI6IjkyMzA3MzQiLCJhY2NvdW50X2lkIjozMDg1NjMxMCwiYmFzZV9kb21haW4iOiJhbW9jcm0ucnUiLCJzY29wZXMiOlsicHVzaF9ub3RpZmljYXRpb25zIiwiZmlsZXMiLCJjcm0iLCJmaWxlc19kZWxldGUiLCJub3RpZmljYXRpb25zIl19.iGej6O1GzjUNVWx61H_Mmq0-hJ8fAew-dthCKQ1HlAGtbJFdTtAGMLRzJI7rrI_DobFVmpDqvST2VMT-kpKyxxK44_Y6KDOJobfiUNjOnuSX3JqeBdQKc8J0CRSdu0gbE00eKu22bukrZEuAo6EA2Ti1y6k2GQ4_AftpdIsIhECWH9CaiWERd01oir-t_wso6yW790mPqLzXFRYStrFD34cC1UZgRkdZRlMQZ3zemDfEhWiQiwIo5jHlv4B6B04rEHlwi5OC3nd1_ouVcuRdNW3snmtwREchifClBBr7g6xQ6OO3A3whBLFuluIIc5sgbhn98wJFZanETnS0a-34ZQ',
  'refresh_token' => 'def50200e2934a7396c3ecf3570ea4572f7d60399f145d47d9e805a6801ef1d85fc7f1930322bb87fbef27a86bea9844fffb2b72ba785db3081a68e684b73e944d5710ec3b33de123d6a57600fc794dc1a6f1f6171faf6abe85aaf225d74997636a651bf5e7644918a49d18cc79924eb1519f758738253cce08345d9dec6973c59ec7d4566700375c7e29d6feaa77301bc597cf9732475af8534b514ec5be39c47fb3dea63eee8ae7e9ede733527053e70386407f6e9208b06eab81a231a343d6db15195b470cc764b686d75b5586ed3115e40caaa42e40987606ca7aeb875037d8f95c6998b7c51ef07cdf93cac5d2ae70dcf11202e0ad5a1d50529f0f9440d89c1824c7387f3a0a8575c92d2fab71182f3c24c05a8390f3b7febefdb0b5af0eb7861e8ea0654fe6109363f909575d5699a2a82ad46741757dc7003be9be7c01df57a2b38d7cd29b2f9db3d7924153c6d7780aebafaff76630e80a39cf4f1d581bfdf827dd341f5bfd2632a2e404d592b11a89df82fa2b09f4fa1da7024288a5ba838da029dc1c6900c321c115240db3bc684e0168fbf86d7a6914d0001d67cd50f8fdf4034aa9fc0aa02c058b7183e58083be7f33a509ede6ecea6e55f7c0892413d8845b8b0f78734f012b8df55ff9d6aa381b77f94e6c6f298bbe1bafa6245',
  'token_type' => 'Bearer',
  'expires_in' => 86400,
  'expires_ts' => 1677625867,
  'expires_time' => '01.03.2023 02:11',
)
[28.02.2023 02:11:07] Is token expired
[28.02.2023 02:11:07] SendData going
[28.02.2023 02:11:07] SendData post: 
[28.02.2023 02:11:07] array (
  0 => 
  array (
    'responsible_user_id' => 9230734,
    'created_by' => 9230734,
    'pipeline_id' => 6439062,
    'status_id' => 55025766,
    'name' => 'Новая заявка: Роман',
    'price' => 0,
    '_embedded' => 
    array (
      'metadata' => 
      array (
        'category' => 'forms',
        'form_sent_at' => 1677539467,
        'ip' => '5.59.98.19',
        'form_id' => 1,
        'form_name' => 'Форма заяки',
        'form_page' => 'Главная',
      ),
      'contacts' => 
      array (
        0 => 
        array (
          'first_name' => 'Новая заявка: Роман',
          'custom_fields_values' => 
          array (
            0 => 
            array (
              'field_code' => 'EMAIL',
              'values' => 
              array (
                0 => 
                array (
                  'enum_code' => 'WORK',
                  'value' => 'sgtpepper2000@yandex.ru',
                ),
              ),
            ),
            1 => 
            array (
              'field_code' => 'PHONE',
              'values' => 
              array (
                0 => 
                array (
                  'enum_code' => 'WORK',
                  'value' => '+79872608688',
                ),
              ),
            ),
          ),
        ),
      ),
    ),
  ),
)
[28.02.2023 02:11:08] Http status: 
[28.02.2023 02:11:08] 200
[28.02.2023 02:11:08] SendData out: 
[28.02.2023 02:11:08] '[{"id":2583091,"contact_id":4179911,"company_id":null,"request_id":["0"],"merged":false}]'
[28.02.2023 02:11:26] ReadyToWork
[28.02.2023 02:11:26] Is tokenData exists: 
[28.02.2023 02:11:26] array (
  'access_token' => 'eyJ0eXAiOiJKV1QiLCJhbGciOiJSUzI1NiIsImp0aSI6ImJiYmZlYjY4ZDRjNmI2OGZiZTA1MDQ3YzkzNzdlMzFmMTljOGU5ZjgwNWM2NjZlOGNkZWI3Yzk3YTA2ZTJkMzJhZjUzNzg5MzZhNTgxZWYwIn0.eyJhdWQiOiJjOTYwMmU2Ni1mMzhhLTQyNTEtOWQ3MS1jYTI5YTllOTg1Y2IiLCJqdGkiOiJiYmJmZWI2OGQ0YzZiNjhmYmUwNTA0N2M5Mzc3ZTMxZjE5YzhlOWY4MDVjNjY2ZThjZGViN2M5N2EwNmUyZDMyYWY1Mzc4OTM2YTU4MWVmMCIsImlhdCI6MTY3NzUzOTQ2NywibmJmIjoxNjc3NTM5NDY3LCJleHAiOjE2Nzc2MjU4NjcsInN1YiI6IjkyMzA3MzQiLCJhY2NvdW50X2lkIjozMDg1NjMxMCwiYmFzZV9kb21haW4iOiJhbW9jcm0ucnUiLCJzY29wZXMiOlsicHVzaF9ub3RpZmljYXRpb25zIiwiZmlsZXMiLCJjcm0iLCJmaWxlc19kZWxldGUiLCJub3RpZmljYXRpb25zIl19.iGej6O1GzjUNVWx61H_Mmq0-hJ8fAew-dthCKQ1HlAGtbJFdTtAGMLRzJI7rrI_DobFVmpDqvST2VMT-kpKyxxK44_Y6KDOJobfiUNjOnuSX3JqeBdQKc8J0CRSdu0gbE00eKu22bukrZEuAo6EA2Ti1y6k2GQ4_AftpdIsIhECWH9CaiWERd01oir-t_wso6yW790mPqLzXFRYStrFD34cC1UZgRkdZRlMQZ3zemDfEhWiQiwIo5jHlv4B6B04rEHlwi5OC3nd1_ouVcuRdNW3snmtwREchifClBBr7g6xQ6OO3A3whBLFuluIIc5sgbhn98wJFZanETnS0a-34ZQ',
  'refresh_token' => 'def50200e2934a7396c3ecf3570ea4572f7d60399f145d47d9e805a6801ef1d85fc7f1930322bb87fbef27a86bea9844fffb2b72ba785db3081a68e684b73e944d5710ec3b33de123d6a57600fc794dc1a6f1f6171faf6abe85aaf225d74997636a651bf5e7644918a49d18cc79924eb1519f758738253cce08345d9dec6973c59ec7d4566700375c7e29d6feaa77301bc597cf9732475af8534b514ec5be39c47fb3dea63eee8ae7e9ede733527053e70386407f6e9208b06eab81a231a343d6db15195b470cc764b686d75b5586ed3115e40caaa42e40987606ca7aeb875037d8f95c6998b7c51ef07cdf93cac5d2ae70dcf11202e0ad5a1d50529f0f9440d89c1824c7387f3a0a8575c92d2fab71182f3c24c05a8390f3b7febefdb0b5af0eb7861e8ea0654fe6109363f909575d5699a2a82ad46741757dc7003be9be7c01df57a2b38d7cd29b2f9db3d7924153c6d7780aebafaff76630e80a39cf4f1d581bfdf827dd341f5bfd2632a2e404d592b11a89df82fa2b09f4fa1da7024288a5ba838da029dc1c6900c321c115240db3bc684e0168fbf86d7a6914d0001d67cd50f8fdf4034aa9fc0aa02c058b7183e58083be7f33a509ede6ecea6e55f7c0892413d8845b8b0f78734f012b8df55ff9d6aa381b77f94e6c6f298bbe1bafa6245',
  'token_type' => 'Bearer',
  'expires_in' => 86400,
  'expires_ts' => 1677625867,
  'expires_time' => '01.03.2023 02:11',
)
[28.02.2023 02:11:26] Is token expired
[28.02.2023 02:11:26] SendData going
[28.02.2023 02:11:26] SendData post: 
[28.02.2023 02:11:26] array (
  0 => 
  array (
    'responsible_user_id' => 9230734,
    'created_by' => 9230734,
    'pipeline_id' => 6439062,
    'status_id' => 55025766,
    'name' => 'Roman',
    'price' => 0,
    '_embedded' => 
    array (
      'metadata' => 
      array (
        'category' => 'forms',
        'form_sent_at' => 1677539486,
        'ip' => '5.59.98.19',
        'referer' => 'https://proudly.ru/',
        'form_id' => '3',
        'form_name' => 'Расскажите о задаче',
        'form_page' => 'Главая страница',
      ),
      'contacts' => 
      array (
        0 => 
        array (
          'first_name' => 'Roman',
          'custom_fields_values' => 
          array (
            0 => 
            array (
              'field_code' => 'PHONE',
              'values' => 
              array (
                0 => 
                array (
                  'enum_code' => 'WORK',
                  'value' => '+7 (123) 123-12-31',
                ),
              ),
            ),
          ),
        ),
      ),
    ),
  ),
)
[28.02.2023 02:11:26] Http status: 
[28.02.2023 02:11:26] 200
[28.02.2023 02:11:26] SendData out: 
[28.02.2023 02:11:26] '[{"id":2583093,"contact_id":4179913,"company_id":null,"request_id":["0"],"merged":false}]'
[28.02.2023 11:38:17] ReadyToWork
[28.02.2023 11:38:17] Is tokenData exists: 
[28.02.2023 11:38:17] array (
  'access_token' => 'eyJ0eXAiOiJKV1QiLCJhbGciOiJSUzI1NiIsImp0aSI6ImJiYmZlYjY4ZDRjNmI2OGZiZTA1MDQ3YzkzNzdlMzFmMTljOGU5ZjgwNWM2NjZlOGNkZWI3Yzk3YTA2ZTJkMzJhZjUzNzg5MzZhNTgxZWYwIn0.eyJhdWQiOiJjOTYwMmU2Ni1mMzhhLTQyNTEtOWQ3MS1jYTI5YTllOTg1Y2IiLCJqdGkiOiJiYmJmZWI2OGQ0YzZiNjhmYmUwNTA0N2M5Mzc3ZTMxZjE5YzhlOWY4MDVjNjY2ZThjZGViN2M5N2EwNmUyZDMyYWY1Mzc4OTM2YTU4MWVmMCIsImlhdCI6MTY3NzUzOTQ2NywibmJmIjoxNjc3NTM5NDY3LCJleHAiOjE2Nzc2MjU4NjcsInN1YiI6IjkyMzA3MzQiLCJhY2NvdW50X2lkIjozMDg1NjMxMCwiYmFzZV9kb21haW4iOiJhbW9jcm0ucnUiLCJzY29wZXMiOlsicHVzaF9ub3RpZmljYXRpb25zIiwiZmlsZXMiLCJjcm0iLCJmaWxlc19kZWxldGUiLCJub3RpZmljYXRpb25zIl19.iGej6O1GzjUNVWx61H_Mmq0-hJ8fAew-dthCKQ1HlAGtbJFdTtAGMLRzJI7rrI_DobFVmpDqvST2VMT-kpKyxxK44_Y6KDOJobfiUNjOnuSX3JqeBdQKc8J0CRSdu0gbE00eKu22bukrZEuAo6EA2Ti1y6k2GQ4_AftpdIsIhECWH9CaiWERd01oir-t_wso6yW790mPqLzXFRYStrFD34cC1UZgRkdZRlMQZ3zemDfEhWiQiwIo5jHlv4B6B04rEHlwi5OC3nd1_ouVcuRdNW3snmtwREchifClBBr7g6xQ6OO3A3whBLFuluIIc5sgbhn98wJFZanETnS0a-34ZQ',
  'refresh_token' => 'def50200e2934a7396c3ecf3570ea4572f7d60399f145d47d9e805a6801ef1d85fc7f1930322bb87fbef27a86bea9844fffb2b72ba785db3081a68e684b73e944d5710ec3b33de123d6a57600fc794dc1a6f1f6171faf6abe85aaf225d74997636a651bf5e7644918a49d18cc79924eb1519f758738253cce08345d9dec6973c59ec7d4566700375c7e29d6feaa77301bc597cf9732475af8534b514ec5be39c47fb3dea63eee8ae7e9ede733527053e70386407f6e9208b06eab81a231a343d6db15195b470cc764b686d75b5586ed3115e40caaa42e40987606ca7aeb875037d8f95c6998b7c51ef07cdf93cac5d2ae70dcf11202e0ad5a1d50529f0f9440d89c1824c7387f3a0a8575c92d2fab71182f3c24c05a8390f3b7febefdb0b5af0eb7861e8ea0654fe6109363f909575d5699a2a82ad46741757dc7003be9be7c01df57a2b38d7cd29b2f9db3d7924153c6d7780aebafaff76630e80a39cf4f1d581bfdf827dd341f5bfd2632a2e404d592b11a89df82fa2b09f4fa1da7024288a5ba838da029dc1c6900c321c115240db3bc684e0168fbf86d7a6914d0001d67cd50f8fdf4034aa9fc0aa02c058b7183e58083be7f33a509ede6ecea6e55f7c0892413d8845b8b0f78734f012b8df55ff9d6aa381b77f94e6c6f298bbe1bafa6245',
  'token_type' => 'Bearer',
  'expires_in' => 86400,
  'expires_ts' => 1677625867,
  'expires_time' => '01.03.2023 02:11',
)
[28.02.2023 11:38:17] Is token expired
[28.02.2023 11:38:17] SendData going
[28.02.2023 11:38:17] SendData post: 
[28.02.2023 11:38:17] array (
  0 => 
  array (
    'responsible_user_id' => 9230734,
    'created_by' => 9230734,
    'pipeline_id' => 6439062,
    'status_id' => 55025766,
    'name' => 'Новая заявка: Роман',
    'price' => 0,
    '_embedded' => 
    array (
      'metadata' => 
      array (
        'category' => 'forms',
        'form_sent_at' => 1677573497,
        'ip' => '5.59.98.19',
        'form_id' => 1,
        'form_name' => 'Форма заяки',
        'form_page' => 'Главная',
      ),
      'contacts' => 
      array (
        0 => 
        array (
          'first_name' => 'Новая заявка: Роман',
          'custom_fields_values' => 
          array (
            0 => 
            array (
              'field_code' => 'EMAIL',
              'values' => 
              array (
                0 => 
                array (
                  'enum_code' => 'WORK',
                  'value' => 'sgtpepper2000@yandex.ru',
                ),
              ),
            ),
            1 => 
            array (
              'field_code' => 'PHONE',
              'values' => 
              array (
                0 => 
                array (
                  'enum_code' => 'WORK',
                  'value' => '+79872608688',
                ),
              ),
            ),
            2 => 
            array (
              'field_id' => 1018487,
              'value' => 'Текстовое сообщение',
            ),
          ),
        ),
      ),
    ),
  ),
)
[28.02.2023 11:38:17] Error 400: 
[28.02.2023 11:38:17] 'Undefined error'
[28.02.2023 11:38:17] SendData out: 
[28.02.2023 11:38:17] '{"validation-errors":[{"request_id":"0","errors":[{"code":"FieldMissing","path":"_embedded.contacts.0.custom_fields_values.2.values","detail":"This field is missing."},{"code":"FieldNotExpected","path":"_embedded.contacts.0.custom_fields_values.2.value","detail":"This field was not expected."}]}],"title":"Bad Request","type":"https://httpstatus.es/400","status":400,"detail":"Request validation failed"}'
[28.02.2023 11:46:59] ReadyToWork
[28.02.2023 11:46:59] Is tokenData exists: 
[28.02.2023 11:46:59] array (
  'access_token' => 'eyJ0eXAiOiJKV1QiLCJhbGciOiJSUzI1NiIsImp0aSI6ImJiYmZlYjY4ZDRjNmI2OGZiZTA1MDQ3YzkzNzdlMzFmMTljOGU5ZjgwNWM2NjZlOGNkZWI3Yzk3YTA2ZTJkMzJhZjUzNzg5MzZhNTgxZWYwIn0.eyJhdWQiOiJjOTYwMmU2Ni1mMzhhLTQyNTEtOWQ3MS1jYTI5YTllOTg1Y2IiLCJqdGkiOiJiYmJmZWI2OGQ0YzZiNjhmYmUwNTA0N2M5Mzc3ZTMxZjE5YzhlOWY4MDVjNjY2ZThjZGViN2M5N2EwNmUyZDMyYWY1Mzc4OTM2YTU4MWVmMCIsImlhdCI6MTY3NzUzOTQ2NywibmJmIjoxNjc3NTM5NDY3LCJleHAiOjE2Nzc2MjU4NjcsInN1YiI6IjkyMzA3MzQiLCJhY2NvdW50X2lkIjozMDg1NjMxMCwiYmFzZV9kb21haW4iOiJhbW9jcm0ucnUiLCJzY29wZXMiOlsicHVzaF9ub3RpZmljYXRpb25zIiwiZmlsZXMiLCJjcm0iLCJmaWxlc19kZWxldGUiLCJub3RpZmljYXRpb25zIl19.iGej6O1GzjUNVWx61H_Mmq0-hJ8fAew-dthCKQ1HlAGtbJFdTtAGMLRzJI7rrI_DobFVmpDqvST2VMT-kpKyxxK44_Y6KDOJobfiUNjOnuSX3JqeBdQKc8J0CRSdu0gbE00eKu22bukrZEuAo6EA2Ti1y6k2GQ4_AftpdIsIhECWH9CaiWERd01oir-t_wso6yW790mPqLzXFRYStrFD34cC1UZgRkdZRlMQZ3zemDfEhWiQiwIo5jHlv4B6B04rEHlwi5OC3nd1_ouVcuRdNW3snmtwREchifClBBr7g6xQ6OO3A3whBLFuluIIc5sgbhn98wJFZanETnS0a-34ZQ',
  'refresh_token' => 'def50200e2934a7396c3ecf3570ea4572f7d60399f145d47d9e805a6801ef1d85fc7f1930322bb87fbef27a86bea9844fffb2b72ba785db3081a68e684b73e944d5710ec3b33de123d6a57600fc794dc1a6f1f6171faf6abe85aaf225d74997636a651bf5e7644918a49d18cc79924eb1519f758738253cce08345d9dec6973c59ec7d4566700375c7e29d6feaa77301bc597cf9732475af8534b514ec5be39c47fb3dea63eee8ae7e9ede733527053e70386407f6e9208b06eab81a231a343d6db15195b470cc764b686d75b5586ed3115e40caaa42e40987606ca7aeb875037d8f95c6998b7c51ef07cdf93cac5d2ae70dcf11202e0ad5a1d50529f0f9440d89c1824c7387f3a0a8575c92d2fab71182f3c24c05a8390f3b7febefdb0b5af0eb7861e8ea0654fe6109363f909575d5699a2a82ad46741757dc7003be9be7c01df57a2b38d7cd29b2f9db3d7924153c6d7780aebafaff76630e80a39cf4f1d581bfdf827dd341f5bfd2632a2e404d592b11a89df82fa2b09f4fa1da7024288a5ba838da029dc1c6900c321c115240db3bc684e0168fbf86d7a6914d0001d67cd50f8fdf4034aa9fc0aa02c058b7183e58083be7f33a509ede6ecea6e55f7c0892413d8845b8b0f78734f012b8df55ff9d6aa381b77f94e6c6f298bbe1bafa6245',
  'token_type' => 'Bearer',
  'expires_in' => 86400,
  'expires_ts' => 1677625867,
  'expires_time' => '01.03.2023 02:11',
)
[28.02.2023 11:46:59] Is token expired
[28.02.2023 11:46:59] SendData going
[28.02.2023 11:46:59] SendData post: 
[28.02.2023 11:46:59] array (
  0 => 
  array (
    'responsible_user_id' => 9230734,
    'created_by' => 9230734,
    'pipeline_id' => 6439062,
    'status_id' => 55025766,
    'name' => 'Новая заявка: Роман',
    'price' => 0,
    '_embedded' => 
    array (
      'metadata' => 
      array (
        'category' => 'forms',
        'form_sent_at' => 1677574019,
        'ip' => '5.59.98.19',
        'form_id' => 1,
        'form_name' => 'Форма заяки',
        'form_page' => 'Главная',
      ),
      'contacts' => 
      array (
        0 => 
        array (
          'first_name' => 'Новая заявка: Роман',
          'custom_fields_values' => 
          array (
            0 => 
            array (
              'field_code' => 'EMAIL',
              'values' => 
              array (
                0 => 
                array (
                  'enum_code' => 'WORK',
                  'value' => 'sgtpepper2000@yandex.ru',
                ),
              ),
            ),
            1 => 
            array (
              'field_code' => 'PHONE',
              'values' => 
              array (
                0 => 
                array (
                  'enum_code' => 'WORK',
                  'value' => '+79872608688',
                ),
              ),
            ),
            2 => 
            array (
              'field_id' => 1018487,
              'values' => 
              array (
                0 => 
                array (
                  'enum_code' => 'WORK',
                  'value' => 'Текстовое сообщение',
                ),
              ),
            ),
          ),
        ),
      ),
    ),
  ),
)
[28.02.2023 11:47:00] Error 400: 
[28.02.2023 11:47:00] 'Undefined error'
[28.02.2023 11:47:00] SendData out: 
[28.02.2023 11:47:00] '{"validation-errors":[{"request_id":"0","errors":[{"code":"FieldNotExpected","path":"_embedded.contacts.0.custom_fields_values.2.values.0.enum_code","detail":"This field was not expected."}]}],"title":"Bad Request","type":"https://httpstatus.es/400","status":400,"detail":"Request validation failed"}'
[01.03.2023 11:15:02] ReadyToWork
[01.03.2023 11:15:02] Is tokenData exists: 
[01.03.2023 11:15:02] array (
  'access_token' => 'eyJ0eXAiOiJKV1QiLCJhbGciOiJSUzI1NiIsImp0aSI6ImJiYmZlYjY4ZDRjNmI2OGZiZTA1MDQ3YzkzNzdlMzFmMTljOGU5ZjgwNWM2NjZlOGNkZWI3Yzk3YTA2ZTJkMzJhZjUzNzg5MzZhNTgxZWYwIn0.eyJhdWQiOiJjOTYwMmU2Ni1mMzhhLTQyNTEtOWQ3MS1jYTI5YTllOTg1Y2IiLCJqdGkiOiJiYmJmZWI2OGQ0YzZiNjhmYmUwNTA0N2M5Mzc3ZTMxZjE5YzhlOWY4MDVjNjY2ZThjZGViN2M5N2EwNmUyZDMyYWY1Mzc4OTM2YTU4MWVmMCIsImlhdCI6MTY3NzUzOTQ2NywibmJmIjoxNjc3NTM5NDY3LCJleHAiOjE2Nzc2MjU4NjcsInN1YiI6IjkyMzA3MzQiLCJhY2NvdW50X2lkIjozMDg1NjMxMCwiYmFzZV9kb21haW4iOiJhbW9jcm0ucnUiLCJzY29wZXMiOlsicHVzaF9ub3RpZmljYXRpb25zIiwiZmlsZXMiLCJjcm0iLCJmaWxlc19kZWxldGUiLCJub3RpZmljYXRpb25zIl19.iGej6O1GzjUNVWx61H_Mmq0-hJ8fAew-dthCKQ1HlAGtbJFdTtAGMLRzJI7rrI_DobFVmpDqvST2VMT-kpKyxxK44_Y6KDOJobfiUNjOnuSX3JqeBdQKc8J0CRSdu0gbE00eKu22bukrZEuAo6EA2Ti1y6k2GQ4_AftpdIsIhECWH9CaiWERd01oir-t_wso6yW790mPqLzXFRYStrFD34cC1UZgRkdZRlMQZ3zemDfEhWiQiwIo5jHlv4B6B04rEHlwi5OC3nd1_ouVcuRdNW3snmtwREchifClBBr7g6xQ6OO3A3whBLFuluIIc5sgbhn98wJFZanETnS0a-34ZQ',
  'refresh_token' => 'def50200e2934a7396c3ecf3570ea4572f7d60399f145d47d9e805a6801ef1d85fc7f1930322bb87fbef27a86bea9844fffb2b72ba785db3081a68e684b73e944d5710ec3b33de123d6a57600fc794dc1a6f1f6171faf6abe85aaf225d74997636a651bf5e7644918a49d18cc79924eb1519f758738253cce08345d9dec6973c59ec7d4566700375c7e29d6feaa77301bc597cf9732475af8534b514ec5be39c47fb3dea63eee8ae7e9ede733527053e70386407f6e9208b06eab81a231a343d6db15195b470cc764b686d75b5586ed3115e40caaa42e40987606ca7aeb875037d8f95c6998b7c51ef07cdf93cac5d2ae70dcf11202e0ad5a1d50529f0f9440d89c1824c7387f3a0a8575c92d2fab71182f3c24c05a8390f3b7febefdb0b5af0eb7861e8ea0654fe6109363f909575d5699a2a82ad46741757dc7003be9be7c01df57a2b38d7cd29b2f9db3d7924153c6d7780aebafaff76630e80a39cf4f1d581bfdf827dd341f5bfd2632a2e404d592b11a89df82fa2b09f4fa1da7024288a5ba838da029dc1c6900c321c115240db3bc684e0168fbf86d7a6914d0001d67cd50f8fdf4034aa9fc0aa02c058b7183e58083be7f33a509ede6ecea6e55f7c0892413d8845b8b0f78734f012b8df55ff9d6aa381b77f94e6c6f298bbe1bafa6245',
  'token_type' => 'Bearer',
  'expires_in' => 86400,
  'expires_ts' => 1677625867,
  'expires_time' => '01.03.2023 02:11',
)
[01.03.2023 11:15:02] Is token expired: 
[01.03.2023 11:15:02] true
[01.03.2023 11:15:02] Refresh going
[01.03.2023 11:15:03] Http status: 
[01.03.2023 11:15:03] 200
[01.03.2023 11:15:03] Refresh: 
[01.03.2023 11:15:03] '{"token_type":"Bearer","expires_in":86400,"access_token":"eyJ0eXAiOiJKV1QiLCJhbGciOiJSUzI1NiIsImp0aSI6IjlmZjBiOWQ2MzUyNGJjMDgwNWVkZjg2NDU0MjJjYzdjZjk5Zjc4MDk0NGQ4ZmQ2ODkxZDI3YzQ1NGRkMzllMzNjZTExMjI4NmVmYjg2NWM4In0.eyJhdWQiOiJjOTYwMmU2Ni1mMzhhLTQyNTEtOWQ3MS1jYTI5YTllOTg1Y2IiLCJqdGkiOiI5ZmYwYjlkNjM1MjRiYzA4MDVlZGY4NjQ1NDIyY2M3Y2Y5OWY3ODA5NDRkOGZkNjg5MWQyN2M0NTRkZDM5ZTMzY2UxMTIyODZlZmI4NjVjOCIsImlhdCI6MTY3NzY1ODUwMywibmJmIjoxNjc3NjU4NTAzLCJleHAiOjE2Nzc3NDQ5MDMsInN1YiI6IjkyMzA3MzQiLCJhY2NvdW50X2lkIjozMDg1NjMxMCwiYmFzZV9kb21haW4iOiJhbW9jcm0ucnUiLCJzY29wZXMiOlsicHVzaF9ub3RpZmljYXRpb25zIiwiZmlsZXMiLCJjcm0iLCJmaWxlc19kZWxldGUiLCJub3RpZmljYXRpb25zIl19.oGAN8k_N6iQgeF_URaxIQTknusyka9IuXS3UtmpgJ5bsu-znDkbg80LUBgKZoQk1BDGB7etQrA9K6J-2FkdM2Anm-xr4FuHskljyiQuYoNZ1YNEg0lKYMzDjYW6zZ9VoAMrHB5Iqa4uGpsd1d_BpQxOHbpejiohc3VRRGK3EG-V7hvPJZibj8aFUso0yCE3h1_Sngfe-p8Kg3E325Xy1NFcOT4JXcudA0pWLKe_-pQk6SwiRktx1bZJwalVPwm237FZW3B6kNgMo-8lg0JyaRVhfB-1djsNjv__wxiGVetnUYpuKCpG9a_Bvs1l9KsOTgxfjI8dMbYXLZZlZLWv39g","refresh_token":"def5020046cd25cdc4f031a3b03ca9350f53c83cccfb4ab8272b55cb6c4f6c2e4486bf5186e70e745ec715b15dd816c70ff85688f7dcc297142bc2ecd6eeda615d301859e652d39d1fea1d10d66cd66126b3ca13cf608991999c8f3b37a9da79661b6ac82f8fdab62783ad2f0d67e773471b443a78a2a968abd5505207942ed8c3b022b2a6765fa6ce71f5fb900e07cc06b991063ec6596a6fbc4a6b2a5e26712ed67d59732d2d040d26914ea3f49577bb3b48a2f44c7e221b72a45809762ab0d4e7f59e706357390d935860bb32755f6ab25e607c59d099bda1ac53354a9a0fa76e828b2671bebc01dfcd3df97e1413795ff66d9c3f2a4553110e683f08d541fe4e947be410f6e2d6818e2e45eeb6a4003ac20993c4eb67fd42722dcbc555f97e24a36ade79c1b06555aa5b09b4f3fbd63049f7ff573960012028b15ffce6878df9f521bcfa4053ecd2f88ee9342e0575675f35d29ba36cc6b955a9aa1e46cb3733066ed5d8fbde3399974b8a4a50215511c14c16d33b46414aa34ec889936f7205a61020b49ac279df35854764160a1a5887e5dc7ac232aaf670f5c95b1c52b9392bda5d3cb2217b28e18b2c4ab45a1f6e011b678b1ca266e94ac605fad550a20641e01a68577cdd92f4957ea29730a5c2791fcb31a582f7c42fc6505e9959b7"}'
[01.03.2023 11:15:03] ReadyToWork
[01.03.2023 11:15:03] Is tokenData exists: 
[01.03.2023 11:15:03] array (
  'access_token' => 'eyJ0eXAiOiJKV1QiLCJhbGciOiJSUzI1NiIsImp0aSI6IjlmZjBiOWQ2MzUyNGJjMDgwNWVkZjg2NDU0MjJjYzdjZjk5Zjc4MDk0NGQ4ZmQ2ODkxZDI3YzQ1NGRkMzllMzNjZTExMjI4NmVmYjg2NWM4In0.eyJhdWQiOiJjOTYwMmU2Ni1mMzhhLTQyNTEtOWQ3MS1jYTI5YTllOTg1Y2IiLCJqdGkiOiI5ZmYwYjlkNjM1MjRiYzA4MDVlZGY4NjQ1NDIyY2M3Y2Y5OWY3ODA5NDRkOGZkNjg5MWQyN2M0NTRkZDM5ZTMzY2UxMTIyODZlZmI4NjVjOCIsImlhdCI6MTY3NzY1ODUwMywibmJmIjoxNjc3NjU4NTAzLCJleHAiOjE2Nzc3NDQ5MDMsInN1YiI6IjkyMzA3MzQiLCJhY2NvdW50X2lkIjozMDg1NjMxMCwiYmFzZV9kb21haW4iOiJhbW9jcm0ucnUiLCJzY29wZXMiOlsicHVzaF9ub3RpZmljYXRpb25zIiwiZmlsZXMiLCJjcm0iLCJmaWxlc19kZWxldGUiLCJub3RpZmljYXRpb25zIl19.oGAN8k_N6iQgeF_URaxIQTknusyka9IuXS3UtmpgJ5bsu-znDkbg80LUBgKZoQk1BDGB7etQrA9K6J-2FkdM2Anm-xr4FuHskljyiQuYoNZ1YNEg0lKYMzDjYW6zZ9VoAMrHB5Iqa4uGpsd1d_BpQxOHbpejiohc3VRRGK3EG-V7hvPJZibj8aFUso0yCE3h1_Sngfe-p8Kg3E325Xy1NFcOT4JXcudA0pWLKe_-pQk6SwiRktx1bZJwalVPwm237FZW3B6kNgMo-8lg0JyaRVhfB-1djsNjv__wxiGVetnUYpuKCpG9a_Bvs1l9KsOTgxfjI8dMbYXLZZlZLWv39g',
  'refresh_token' => 'def5020046cd25cdc4f031a3b03ca9350f53c83cccfb4ab8272b55cb6c4f6c2e4486bf5186e70e745ec715b15dd816c70ff85688f7dcc297142bc2ecd6eeda615d301859e652d39d1fea1d10d66cd66126b3ca13cf608991999c8f3b37a9da79661b6ac82f8fdab62783ad2f0d67e773471b443a78a2a968abd5505207942ed8c3b022b2a6765fa6ce71f5fb900e07cc06b991063ec6596a6fbc4a6b2a5e26712ed67d59732d2d040d26914ea3f49577bb3b48a2f44c7e221b72a45809762ab0d4e7f59e706357390d935860bb32755f6ab25e607c59d099bda1ac53354a9a0fa76e828b2671bebc01dfcd3df97e1413795ff66d9c3f2a4553110e683f08d541fe4e947be410f6e2d6818e2e45eeb6a4003ac20993c4eb67fd42722dcbc555f97e24a36ade79c1b06555aa5b09b4f3fbd63049f7ff573960012028b15ffce6878df9f521bcfa4053ecd2f88ee9342e0575675f35d29ba36cc6b955a9aa1e46cb3733066ed5d8fbde3399974b8a4a50215511c14c16d33b46414aa34ec889936f7205a61020b49ac279df35854764160a1a5887e5dc7ac232aaf670f5c95b1c52b9392bda5d3cb2217b28e18b2c4ab45a1f6e011b678b1ca266e94ac605fad550a20641e01a68577cdd92f4957ea29730a5c2791fcb31a582f7c42fc6505e9959b7',
  'token_type' => 'Bearer',
  'expires_in' => 86400,
  'expires_ts' => 1677744903,
  'expires_time' => '02.03.2023 11:15',
)
[01.03.2023 11:15:03] Is token expired
[01.03.2023 11:15:03] SendData going
[01.03.2023 11:15:03] SendData post: 
[01.03.2023 11:15:03] array (
  0 => 
  array (
    'responsible_user_id' => 9230734,
    'created_by' => 9230734,
    'pipeline_id' => 6439062,
    'status_id' => 55025766,
    'name' => 'Новая заявка: Роман',
    'price' => 0,
    '_embedded' => 
    array (
      'metadata' => 
      array (
        'category' => 'forms',
        'form_sent_at' => 1677658503,
        'ip' => '5.59.98.19',
        'form_id' => 1,
        'form_name' => 'Форма заяки',
        'form_page' => 'Главная',
      ),
      'contacts' => 
      array (
        0 => 
        array (
          'first_name' => 'Новая заявка: Роман',
          'custom_fields_values' => 
          array (
            0 => 
            array (
              'field_code' => 'EMAIL',
              'values' => 
              array (
                0 => 
                array (
                  'enum_code' => 'WORK',
                  'value' => 'sgtpepper2000@yandex.ru',
                ),
              ),
            ),
            1 => 
            array (
              'field_code' => 'PHONE',
              'values' => 
              array (
                0 => 
                array (
                  'enum_code' => 'WORK',
                  'value' => '+79872608688',
                ),
              ),
            ),
            2 => 
            array (
              'field_id' => 1018487,
              'values' => 
              array (
                0 => 
                array (
                  'enum_code' => 'WORK',
                  'value' => 'Текстовое сообщение',
                ),
              ),
            ),
          ),
        ),
      ),
    ),
  ),
)
[01.03.2023 11:15:04] Error 402: 
[01.03.2023 11:15:04] 'Undefined error'
[01.03.2023 11:15:04] SendData out: 
[01.03.2023 11:15:04] '{"title":"Payment Required","type":"https://httpstatus.es/402","status":402,"detail":"Payment required"}'
[03.03.2023 08:51:34] ReadyToWork
[03.03.2023 08:51:34] Is tokenData exists: 
[03.03.2023 08:51:34] array (
  'access_token' => 'eyJ0eXAiOiJKV1QiLCJhbGciOiJSUzI1NiIsImp0aSI6IjlmZjBiOWQ2MzUyNGJjMDgwNWVkZjg2NDU0MjJjYzdjZjk5Zjc4MDk0NGQ4ZmQ2ODkxZDI3YzQ1NGRkMzllMzNjZTExMjI4NmVmYjg2NWM4In0.eyJhdWQiOiJjOTYwMmU2Ni1mMzhhLTQyNTEtOWQ3MS1jYTI5YTllOTg1Y2IiLCJqdGkiOiI5ZmYwYjlkNjM1MjRiYzA4MDVlZGY4NjQ1NDIyY2M3Y2Y5OWY3ODA5NDRkOGZkNjg5MWQyN2M0NTRkZDM5ZTMzY2UxMTIyODZlZmI4NjVjOCIsImlhdCI6MTY3NzY1ODUwMywibmJmIjoxNjc3NjU4NTAzLCJleHAiOjE2Nzc3NDQ5MDMsInN1YiI6IjkyMzA3MzQiLCJhY2NvdW50X2lkIjozMDg1NjMxMCwiYmFzZV9kb21haW4iOiJhbW9jcm0ucnUiLCJzY29wZXMiOlsicHVzaF9ub3RpZmljYXRpb25zIiwiZmlsZXMiLCJjcm0iLCJmaWxlc19kZWxldGUiLCJub3RpZmljYXRpb25zIl19.oGAN8k_N6iQgeF_URaxIQTknusyka9IuXS3UtmpgJ5bsu-znDkbg80LUBgKZoQk1BDGB7etQrA9K6J-2FkdM2Anm-xr4FuHskljyiQuYoNZ1YNEg0lKYMzDjYW6zZ9VoAMrHB5Iqa4uGpsd1d_BpQxOHbpejiohc3VRRGK3EG-V7hvPJZibj8aFUso0yCE3h1_Sngfe-p8Kg3E325Xy1NFcOT4JXcudA0pWLKe_-pQk6SwiRktx1bZJwalVPwm237FZW3B6kNgMo-8lg0JyaRVhfB-1djsNjv__wxiGVetnUYpuKCpG9a_Bvs1l9KsOTgxfjI8dMbYXLZZlZLWv39g',
  'refresh_token' => 'def5020046cd25cdc4f031a3b03ca9350f53c83cccfb4ab8272b55cb6c4f6c2e4486bf5186e70e745ec715b15dd816c70ff85688f7dcc297142bc2ecd6eeda615d301859e652d39d1fea1d10d66cd66126b3ca13cf608991999c8f3b37a9da79661b6ac82f8fdab62783ad2f0d67e773471b443a78a2a968abd5505207942ed8c3b022b2a6765fa6ce71f5fb900e07cc06b991063ec6596a6fbc4a6b2a5e26712ed67d59732d2d040d26914ea3f49577bb3b48a2f44c7e221b72a45809762ab0d4e7f59e706357390d935860bb32755f6ab25e607c59d099bda1ac53354a9a0fa76e828b2671bebc01dfcd3df97e1413795ff66d9c3f2a4553110e683f08d541fe4e947be410f6e2d6818e2e45eeb6a4003ac20993c4eb67fd42722dcbc555f97e24a36ade79c1b06555aa5b09b4f3fbd63049f7ff573960012028b15ffce6878df9f521bcfa4053ecd2f88ee9342e0575675f35d29ba36cc6b955a9aa1e46cb3733066ed5d8fbde3399974b8a4a50215511c14c16d33b46414aa34ec889936f7205a61020b49ac279df35854764160a1a5887e5dc7ac232aaf670f5c95b1c52b9392bda5d3cb2217b28e18b2c4ab45a1f6e011b678b1ca266e94ac605fad550a20641e01a68577cdd92f4957ea29730a5c2791fcb31a582f7c42fc6505e9959b7',
  'token_type' => 'Bearer',
  'expires_in' => 86400,
  'expires_ts' => 1677744903,
  'expires_time' => '02.03.2023 11:15',
)
[03.03.2023 08:51:34] Is token expired: 
[03.03.2023 08:51:34] true
[03.03.2023 08:51:34] Refresh going
[03.03.2023 08:51:35] Http status: 
[03.03.2023 08:51:35] 200
[03.03.2023 08:51:35] Refresh: 
[03.03.2023 08:51:35] '{"token_type":"Bearer","expires_in":86400,"access_token":"eyJ0eXAiOiJKV1QiLCJhbGciOiJSUzI1NiIsImp0aSI6ImEwYTQ4MzhkOGZjMDQzNmVkODM4NjlhNjE5MjMyODQ2NmI1NWFjMmZmZGM2NDAwOWQxZWUzODFkNDg2YmZjNDgxNzZhYWUwZWFhNGQyYTgyIn0.eyJhdWQiOiJjOTYwMmU2Ni1mMzhhLTQyNTEtOWQ3MS1jYTI5YTllOTg1Y2IiLCJqdGkiOiJhMGE0ODM4ZDhmYzA0MzZlZDgzODY5YTYxOTIzMjg0NjZiNTVhYzJmZmRjNjQwMDlkMWVlMzgxZDQ4NmJmYzQ4MTc2YWFlMGVhYTRkMmE4MiIsImlhdCI6MTY3NzgyMjY5NSwibmJmIjoxNjc3ODIyNjk1LCJleHAiOjE2Nzc5MDkwOTUsInN1YiI6IjkyMzA3MzQiLCJhY2NvdW50X2lkIjozMDg1NjMxMCwiYmFzZV9kb21haW4iOiJhbW9jcm0ucnUiLCJzY29wZXMiOlsicHVzaF9ub3RpZmljYXRpb25zIiwiZmlsZXMiLCJjcm0iLCJmaWxlc19kZWxldGUiLCJub3RpZmljYXRpb25zIl19.P6j3O0cF8bKKye8w54SpAXQGNNj9ncfgCFtrz8J-l3OHyEq_-DtXTjixN9uuS4BuOzYEgAoDC9j-Yb3IDh2xAFzcCrIIfxsB_Z1Bo4GA_XrJ_uQa_odOW5VRWzzutTmSyJOtmK2wuhPY5JKqWnECD0-CvxZxy_L6_7l9uS5-dcFCogq4dN9WTr6luActl0MDaWB5X-yMS1Suvnwo96GmP1XLHwYzBDeme4MK8IZR7CrVJXZx8k2Ky_J92qzTMfWMLVZu_-GgsiyBI5YWHRej0S2S-JoQDbEI34xR-lfWli1KKrw_941zoRzu_3XIM5yzA6GkQXpedH90y2iYldHHyQ","refresh_token":"def50200f6fc691b4bc8c2198a63c1e9667627ea61634c80befdc871c556c51c3cd120a7e3f148cb80c5da2575c050aeabab96500b0382f0c5f33b32e2132364a42d45a71b447b3953c76d1fa0f0c231fce1e2d4538e63442618b3514d02f15eb1f06ce47de8ad5243696c88d76730bd4a8a19c1d55b8f9c2e8f016598ddceb6ee795ec8f85c68560495f2932c40383d60b2e7ccf848d448e419862b37920d0b47b2fe179a8b391418a623c756fb45ee456f59c2cd9dd98f440768e277f855fdd4a96eecaf8b58627068ce18dceedac79445fa178ac2cdf6113efbbc415872008d25023d994d9284072b4748aa2c52c59e93950084f509bf0522fb936d745a709298ab999c40ddc822ec4e20595c1bd7b35194abf8cc2e2a5755d08287f51c1ddf2452e13696ec6b9eadb6a0675f37f58a3d65d0116b9d8e6e5df17d379e95381ca579b697c06f772665206f460447967e434d75b505d59b9e4bb32852d635d3aa4bb038590e8cfe8abc0b80d20a2498798ff25752641ffd73d9d0053321689172f853c3c3ffd92b0147589789a34c92a82fe606480794757c9bf94c302ffa3eb15cebe5166c1caddc2a49ffcc16c8368e7ffb530c6ecbd531b2ad834e80b5c34d963457abdf52f2ddc0b29f0cfd28e8dc2f22dffc369617dd5f2bee2ac1e98747"}'
[03.03.2023 08:51:35] ReadyToWork
[03.03.2023 08:51:35] Is tokenData exists: 
[03.03.2023 08:51:35] array (
  'access_token' => 'eyJ0eXAiOiJKV1QiLCJhbGciOiJSUzI1NiIsImp0aSI6ImEwYTQ4MzhkOGZjMDQzNmVkODM4NjlhNjE5MjMyODQ2NmI1NWFjMmZmZGM2NDAwOWQxZWUzODFkNDg2YmZjNDgxNzZhYWUwZWFhNGQyYTgyIn0.eyJhdWQiOiJjOTYwMmU2Ni1mMzhhLTQyNTEtOWQ3MS1jYTI5YTllOTg1Y2IiLCJqdGkiOiJhMGE0ODM4ZDhmYzA0MzZlZDgzODY5YTYxOTIzMjg0NjZiNTVhYzJmZmRjNjQwMDlkMWVlMzgxZDQ4NmJmYzQ4MTc2YWFlMGVhYTRkMmE4MiIsImlhdCI6MTY3NzgyMjY5NSwibmJmIjoxNjc3ODIyNjk1LCJleHAiOjE2Nzc5MDkwOTUsInN1YiI6IjkyMzA3MzQiLCJhY2NvdW50X2lkIjozMDg1NjMxMCwiYmFzZV9kb21haW4iOiJhbW9jcm0ucnUiLCJzY29wZXMiOlsicHVzaF9ub3RpZmljYXRpb25zIiwiZmlsZXMiLCJjcm0iLCJmaWxlc19kZWxldGUiLCJub3RpZmljYXRpb25zIl19.P6j3O0cF8bKKye8w54SpAXQGNNj9ncfgCFtrz8J-l3OHyEq_-DtXTjixN9uuS4BuOzYEgAoDC9j-Yb3IDh2xAFzcCrIIfxsB_Z1Bo4GA_XrJ_uQa_odOW5VRWzzutTmSyJOtmK2wuhPY5JKqWnECD0-CvxZxy_L6_7l9uS5-dcFCogq4dN9WTr6luActl0MDaWB5X-yMS1Suvnwo96GmP1XLHwYzBDeme4MK8IZR7CrVJXZx8k2Ky_J92qzTMfWMLVZu_-GgsiyBI5YWHRej0S2S-JoQDbEI34xR-lfWli1KKrw_941zoRzu_3XIM5yzA6GkQXpedH90y2iYldHHyQ',
  'refresh_token' => 'def50200f6fc691b4bc8c2198a63c1e9667627ea61634c80befdc871c556c51c3cd120a7e3f148cb80c5da2575c050aeabab96500b0382f0c5f33b32e2132364a42d45a71b447b3953c76d1fa0f0c231fce1e2d4538e63442618b3514d02f15eb1f06ce47de8ad5243696c88d76730bd4a8a19c1d55b8f9c2e8f016598ddceb6ee795ec8f85c68560495f2932c40383d60b2e7ccf848d448e419862b37920d0b47b2fe179a8b391418a623c756fb45ee456f59c2cd9dd98f440768e277f855fdd4a96eecaf8b58627068ce18dceedac79445fa178ac2cdf6113efbbc415872008d25023d994d9284072b4748aa2c52c59e93950084f509bf0522fb936d745a709298ab999c40ddc822ec4e20595c1bd7b35194abf8cc2e2a5755d08287f51c1ddf2452e13696ec6b9eadb6a0675f37f58a3d65d0116b9d8e6e5df17d379e95381ca579b697c06f772665206f460447967e434d75b505d59b9e4bb32852d635d3aa4bb038590e8cfe8abc0b80d20a2498798ff25752641ffd73d9d0053321689172f853c3c3ffd92b0147589789a34c92a82fe606480794757c9bf94c302ffa3eb15cebe5166c1caddc2a49ffcc16c8368e7ffb530c6ecbd531b2ad834e80b5c34d963457abdf52f2ddc0b29f0cfd28e8dc2f22dffc369617dd5f2bee2ac1e98747',
  'token_type' => 'Bearer',
  'expires_in' => 86400,
  'expires_ts' => 1677909095,
  'expires_time' => '04.03.2023 08:51',
)
[03.03.2023 08:51:35] Is token expired
[03.03.2023 08:51:35] SendData going
[03.03.2023 08:51:35] SendData post: 
[03.03.2023 08:51:35] array (
  0 => 
  array (
    'responsible_user_id' => 9230734,
    'created_by' => 9230734,
    'pipeline_id' => 6439062,
    'status_id' => 55025766,
    'name' => 'Екатерина',
    'price' => 0,
    '_embedded' => 
    array (
      'metadata' => 
      array (
        'category' => 'forms',
        'form_sent_at' => 1677822695,
        'ip' => '146.120.158.194',
        'referer' => 'https://proudly.ru/',
        'form_id' => '2',
        'form_name' => 'Давайте начнем новый проект вместе!',
        'form_page' => 'Главая страница',
      ),
      'contacts' => 
      array (
        0 => 
        array (
          'first_name' => 'Екатерина',
          'custom_fields_values' => 
          array (
            0 => 
            array (
              'field_code' => 'PHONE',
              'values' => 
              array (
                0 => 
                array (
                  'enum_code' => 'WORK',
                  'value' => '+7 (929) 434-21-73',
                ),
              ),
            ),
          ),
        ),
      ),
    ),
  ),
)
[03.03.2023 08:51:36] Error 402: 
[03.03.2023 08:51:36] 'Undefined error'
[03.03.2023 08:51:36] SendData out: 
[03.03.2023 08:51:36] '{"title":"Payment Required","type":"https://httpstatus.es/402","status":402,"detail":"Payment required"}'
[04.03.2023 00:54:47] ReadyToWork
[04.03.2023 00:54:47] Is tokenData exists: 
[04.03.2023 00:54:47] array (
  'access_token' => 'eyJ0eXAiOiJKV1QiLCJhbGciOiJSUzI1NiIsImp0aSI6ImEwYTQ4MzhkOGZjMDQzNmVkODM4NjlhNjE5MjMyODQ2NmI1NWFjMmZmZGM2NDAwOWQxZWUzODFkNDg2YmZjNDgxNzZhYWUwZWFhNGQyYTgyIn0.eyJhdWQiOiJjOTYwMmU2Ni1mMzhhLTQyNTEtOWQ3MS1jYTI5YTllOTg1Y2IiLCJqdGkiOiJhMGE0ODM4ZDhmYzA0MzZlZDgzODY5YTYxOTIzMjg0NjZiNTVhYzJmZmRjNjQwMDlkMWVlMzgxZDQ4NmJmYzQ4MTc2YWFlMGVhYTRkMmE4MiIsImlhdCI6MTY3NzgyMjY5NSwibmJmIjoxNjc3ODIyNjk1LCJleHAiOjE2Nzc5MDkwOTUsInN1YiI6IjkyMzA3MzQiLCJhY2NvdW50X2lkIjozMDg1NjMxMCwiYmFzZV9kb21haW4iOiJhbW9jcm0ucnUiLCJzY29wZXMiOlsicHVzaF9ub3RpZmljYXRpb25zIiwiZmlsZXMiLCJjcm0iLCJmaWxlc19kZWxldGUiLCJub3RpZmljYXRpb25zIl19.P6j3O0cF8bKKye8w54SpAXQGNNj9ncfgCFtrz8J-l3OHyEq_-DtXTjixN9uuS4BuOzYEgAoDC9j-Yb3IDh2xAFzcCrIIfxsB_Z1Bo4GA_XrJ_uQa_odOW5VRWzzutTmSyJOtmK2wuhPY5JKqWnECD0-CvxZxy_L6_7l9uS5-dcFCogq4dN9WTr6luActl0MDaWB5X-yMS1Suvnwo96GmP1XLHwYzBDeme4MK8IZR7CrVJXZx8k2Ky_J92qzTMfWMLVZu_-GgsiyBI5YWHRej0S2S-JoQDbEI34xR-lfWli1KKrw_941zoRzu_3XIM5yzA6GkQXpedH90y2iYldHHyQ',
  'refresh_token' => 'def50200f6fc691b4bc8c2198a63c1e9667627ea61634c80befdc871c556c51c3cd120a7e3f148cb80c5da2575c050aeabab96500b0382f0c5f33b32e2132364a42d45a71b447b3953c76d1fa0f0c231fce1e2d4538e63442618b3514d02f15eb1f06ce47de8ad5243696c88d76730bd4a8a19c1d55b8f9c2e8f016598ddceb6ee795ec8f85c68560495f2932c40383d60b2e7ccf848d448e419862b37920d0b47b2fe179a8b391418a623c756fb45ee456f59c2cd9dd98f440768e277f855fdd4a96eecaf8b58627068ce18dceedac79445fa178ac2cdf6113efbbc415872008d25023d994d9284072b4748aa2c52c59e93950084f509bf0522fb936d745a709298ab999c40ddc822ec4e20595c1bd7b35194abf8cc2e2a5755d08287f51c1ddf2452e13696ec6b9eadb6a0675f37f58a3d65d0116b9d8e6e5df17d379e95381ca579b697c06f772665206f460447967e434d75b505d59b9e4bb32852d635d3aa4bb038590e8cfe8abc0b80d20a2498798ff25752641ffd73d9d0053321689172f853c3c3ffd92b0147589789a34c92a82fe606480794757c9bf94c302ffa3eb15cebe5166c1caddc2a49ffcc16c8368e7ffb530c6ecbd531b2ad834e80b5c34d963457abdf52f2ddc0b29f0cfd28e8dc2f22dffc369617dd5f2bee2ac1e98747',
  'token_type' => 'Bearer',
  'expires_in' => 86400,
  'expires_ts' => 1677909095,
  'expires_time' => '04.03.2023 08:51',
)
[04.03.2023 00:54:47] Is token expired
[04.03.2023 00:54:47] SendData going
[04.03.2023 00:54:47] SendData post: 
[04.03.2023 00:54:47] array (
  0 => 
  array (
    'responsible_user_id' => 9230734,
    'created_by' => 9230734,
    'pipeline_id' => 6439062,
    'status_id' => 55025766,
    'name' => 'Екатерина',
    'price' => 0,
    '_embedded' => 
    array (
      'metadata' => 
      array (
        'category' => 'forms',
        'form_sent_at' => 1677880487,
        'ip' => '146.120.158.194',
        'referer' => 'https://proudly.ru/',
        'form_id' => '2',
        'form_name' => 'Давайте начнем новый проект вместе!',
        'form_page' => 'Главая страница',
      ),
      'contacts' => 
      array (
        0 => 
        array (
          'first_name' => 'Екатерина',
          'custom_fields_values' => 
          array (
            0 => 
            array (
              'field_code' => 'PHONE',
              'values' => 
              array (
                0 => 
                array (
                  'enum_code' => 'WORK',
                  'value' => '+7 (908) 661-05-61',
                ),
              ),
            ),
          ),
        ),
      ),
    ),
  ),
)
[04.03.2023 00:54:48] Error 402: 
[04.03.2023 00:54:48] 'Undefined error'
[04.03.2023 00:54:48] SendData out: 
[04.03.2023 00:54:48] '{"title":"Payment Required","type":"https://httpstatus.es/402","status":402,"detail":"Payment required"}'
[04.03.2023 16:47:10] ReadyToWork
[04.03.2023 16:47:10] Is tokenData exists: 
[04.03.2023 16:47:10] array (
  'access_token' => 'eyJ0eXAiOiJKV1QiLCJhbGciOiJSUzI1NiIsImp0aSI6ImEwYTQ4MzhkOGZjMDQzNmVkODM4NjlhNjE5MjMyODQ2NmI1NWFjMmZmZGM2NDAwOWQxZWUzODFkNDg2YmZjNDgxNzZhYWUwZWFhNGQyYTgyIn0.eyJhdWQiOiJjOTYwMmU2Ni1mMzhhLTQyNTEtOWQ3MS1jYTI5YTllOTg1Y2IiLCJqdGkiOiJhMGE0ODM4ZDhmYzA0MzZlZDgzODY5YTYxOTIzMjg0NjZiNTVhYzJmZmRjNjQwMDlkMWVlMzgxZDQ4NmJmYzQ4MTc2YWFlMGVhYTRkMmE4MiIsImlhdCI6MTY3NzgyMjY5NSwibmJmIjoxNjc3ODIyNjk1LCJleHAiOjE2Nzc5MDkwOTUsInN1YiI6IjkyMzA3MzQiLCJhY2NvdW50X2lkIjozMDg1NjMxMCwiYmFzZV9kb21haW4iOiJhbW9jcm0ucnUiLCJzY29wZXMiOlsicHVzaF9ub3RpZmljYXRpb25zIiwiZmlsZXMiLCJjcm0iLCJmaWxlc19kZWxldGUiLCJub3RpZmljYXRpb25zIl19.P6j3O0cF8bKKye8w54SpAXQGNNj9ncfgCFtrz8J-l3OHyEq_-DtXTjixN9uuS4BuOzYEgAoDC9j-Yb3IDh2xAFzcCrIIfxsB_Z1Bo4GA_XrJ_uQa_odOW5VRWzzutTmSyJOtmK2wuhPY5JKqWnECD0-CvxZxy_L6_7l9uS5-dcFCogq4dN9WTr6luActl0MDaWB5X-yMS1Suvnwo96GmP1XLHwYzBDeme4MK8IZR7CrVJXZx8k2Ky_J92qzTMfWMLVZu_-GgsiyBI5YWHRej0S2S-JoQDbEI34xR-lfWli1KKrw_941zoRzu_3XIM5yzA6GkQXpedH90y2iYldHHyQ',
  'refresh_token' => 'def50200f6fc691b4bc8c2198a63c1e9667627ea61634c80befdc871c556c51c3cd120a7e3f148cb80c5da2575c050aeabab96500b0382f0c5f33b32e2132364a42d45a71b447b3953c76d1fa0f0c231fce1e2d4538e63442618b3514d02f15eb1f06ce47de8ad5243696c88d76730bd4a8a19c1d55b8f9c2e8f016598ddceb6ee795ec8f85c68560495f2932c40383d60b2e7ccf848d448e419862b37920d0b47b2fe179a8b391418a623c756fb45ee456f59c2cd9dd98f440768e277f855fdd4a96eecaf8b58627068ce18dceedac79445fa178ac2cdf6113efbbc415872008d25023d994d9284072b4748aa2c52c59e93950084f509bf0522fb936d745a709298ab999c40ddc822ec4e20595c1bd7b35194abf8cc2e2a5755d08287f51c1ddf2452e13696ec6b9eadb6a0675f37f58a3d65d0116b9d8e6e5df17d379e95381ca579b697c06f772665206f460447967e434d75b505d59b9e4bb32852d635d3aa4bb038590e8cfe8abc0b80d20a2498798ff25752641ffd73d9d0053321689172f853c3c3ffd92b0147589789a34c92a82fe606480794757c9bf94c302ffa3eb15cebe5166c1caddc2a49ffcc16c8368e7ffb530c6ecbd531b2ad834e80b5c34d963457abdf52f2ddc0b29f0cfd28e8dc2f22dffc369617dd5f2bee2ac1e98747',
  'token_type' => 'Bearer',
  'expires_in' => 86400,
  'expires_ts' => 1677909095,
  'expires_time' => '04.03.2023 08:51',
)
[04.03.2023 16:47:10] Is token expired: 
[04.03.2023 16:47:10] true
[04.03.2023 16:47:10] Refresh going
[04.03.2023 16:47:11] Http status: 
[04.03.2023 16:47:11] 200
[04.03.2023 16:47:11] Refresh: 
[04.03.2023 16:47:11] '{"token_type":"Bearer","expires_in":86400,"access_token":"eyJ0eXAiOiJKV1QiLCJhbGciOiJSUzI1NiIsImp0aSI6IjM5YTYzYzdhMWVmZDQwNzIzZGZjMTRlN2RjYzQ1MWRmOWUzZjJkNDcyMTczOGY1ZDYwNDY1ZTdlNTI1NjlhMDI3NDljZWRlMGUxMjBkNmVlIn0.eyJhdWQiOiJjOTYwMmU2Ni1mMzhhLTQyNTEtOWQ3MS1jYTI5YTllOTg1Y2IiLCJqdGkiOiIzOWE2M2M3YTFlZmQ0MDcyM2RmYzE0ZTdkY2M0NTFkZjllM2YyZDQ3MjE3MzhmNWQ2MDQ2NWU3ZTUyNTY5YTAyNzQ5Y2VkZTBlMTIwZDZlZSIsImlhdCI6MTY3NzkzNzYzMSwibmJmIjoxNjc3OTM3NjMxLCJleHAiOjE2NzgwMjQwMzEsInN1YiI6IjkyMzA3MzQiLCJhY2NvdW50X2lkIjozMDg1NjMxMCwiYmFzZV9kb21haW4iOiJhbW9jcm0ucnUiLCJzY29wZXMiOlsicHVzaF9ub3RpZmljYXRpb25zIiwiZmlsZXMiLCJjcm0iLCJmaWxlc19kZWxldGUiLCJub3RpZmljYXRpb25zIl19.VWBbG1hHbxvW5qMY7lqpnWp6MTLsJk-_tPY59pIWor3qLaJLBkOR6Rho1QGcXOXy39wtu1WVtPHDRcqBZVLAtW6ffax8O-vn4hxWeEOBTLK7yenqpzhC3UMsOSjyGqnVLBvDLEgzJ0w8Hej9VsUbaFISn66PKZGUeBBFvSIptTIFnnwnYTom1eFQfsGrxbaerHz4kTk3wuUfuokxY9UIuuXeXrPF7jutjA__rgwMlowV17r-8iiQCGwjhRyTM2PBbwpzGkUBtR_b2JiIUjExPDAuhvXwWL1wXgxuu_wVXgAmQeXNOLvOOom50oUc5f-Ynnp0QMNbnfHRfs2kprXOnw","refresh_token":"def502002c10a437d369b6325d61305bc4daf5f7d0ad05da31599a36aaae43a55212d741f4ddd7ceefd8eaeb173c733506f30fedea65781e7f2cb7b88b21d13ef2dc67822e7b1f922847bacdd2dfcf472e81b9c9dceb57ce3f11b1ce4ee9d1391a2223f357e144b69c4c16c9b2bba92ff9d5d349a445b2e95ff6cb61802e5358f90d102a01735138df4fbd6dd77277e71cd50ff094f858315b1f02653007525a817e170a631a6f0018359f369696277c3b06279f9bc6e90fb09a616cc837f529b1ee5e74ce4c704f09ec2d55e37f64f395257b83b9571da452f62812fe15801a631629afd4a81a7eb859bd33fcfa629055099023032e752349e11a8d733ba30a6fc50358392d9abf439e141408f4321d3ed872d9de565953f36b31e73b532b05131735121a42034ef5f9899bb0e78f1b6c15d0a5dca647379233e530bd7c5cd6cda9aa9d1684f0b5e00b4f183c4c21e363953d9b4f09694059b0ed91c5796e7cfc2da589f71c9081d19a0057aba183d028776bfb8421a4a68806cd0e23899ad97160a88e37678f2579e9778ce7b67aec749186628b93b17e8587171211a16b67f6d3ad905dcd7e339313a18e6e54694a75316c050f8d85971628089b37218d3be10c576f4b62e5750fd0d9e5515137c1dc745a93a9bc2d01624da69d4740668b4a"}'
[04.03.2023 16:47:11] ReadyToWork
[04.03.2023 16:47:11] Is tokenData exists: 
[04.03.2023 16:47:11] array (
  'access_token' => 'eyJ0eXAiOiJKV1QiLCJhbGciOiJSUzI1NiIsImp0aSI6IjM5YTYzYzdhMWVmZDQwNzIzZGZjMTRlN2RjYzQ1MWRmOWUzZjJkNDcyMTczOGY1ZDYwNDY1ZTdlNTI1NjlhMDI3NDljZWRlMGUxMjBkNmVlIn0.eyJhdWQiOiJjOTYwMmU2Ni1mMzhhLTQyNTEtOWQ3MS1jYTI5YTllOTg1Y2IiLCJqdGkiOiIzOWE2M2M3YTFlZmQ0MDcyM2RmYzE0ZTdkY2M0NTFkZjllM2YyZDQ3MjE3MzhmNWQ2MDQ2NWU3ZTUyNTY5YTAyNzQ5Y2VkZTBlMTIwZDZlZSIsImlhdCI6MTY3NzkzNzYzMSwibmJmIjoxNjc3OTM3NjMxLCJleHAiOjE2NzgwMjQwMzEsInN1YiI6IjkyMzA3MzQiLCJhY2NvdW50X2lkIjozMDg1NjMxMCwiYmFzZV9kb21haW4iOiJhbW9jcm0ucnUiLCJzY29wZXMiOlsicHVzaF9ub3RpZmljYXRpb25zIiwiZmlsZXMiLCJjcm0iLCJmaWxlc19kZWxldGUiLCJub3RpZmljYXRpb25zIl19.VWBbG1hHbxvW5qMY7lqpnWp6MTLsJk-_tPY59pIWor3qLaJLBkOR6Rho1QGcXOXy39wtu1WVtPHDRcqBZVLAtW6ffax8O-vn4hxWeEOBTLK7yenqpzhC3UMsOSjyGqnVLBvDLEgzJ0w8Hej9VsUbaFISn66PKZGUeBBFvSIptTIFnnwnYTom1eFQfsGrxbaerHz4kTk3wuUfuokxY9UIuuXeXrPF7jutjA__rgwMlowV17r-8iiQCGwjhRyTM2PBbwpzGkUBtR_b2JiIUjExPDAuhvXwWL1wXgxuu_wVXgAmQeXNOLvOOom50oUc5f-Ynnp0QMNbnfHRfs2kprXOnw',
  'refresh_token' => 'def502002c10a437d369b6325d61305bc4daf5f7d0ad05da31599a36aaae43a55212d741f4ddd7ceefd8eaeb173c733506f30fedea65781e7f2cb7b88b21d13ef2dc67822e7b1f922847bacdd2dfcf472e81b9c9dceb57ce3f11b1ce4ee9d1391a2223f357e144b69c4c16c9b2bba92ff9d5d349a445b2e95ff6cb61802e5358f90d102a01735138df4fbd6dd77277e71cd50ff094f858315b1f02653007525a817e170a631a6f0018359f369696277c3b06279f9bc6e90fb09a616cc837f529b1ee5e74ce4c704f09ec2d55e37f64f395257b83b9571da452f62812fe15801a631629afd4a81a7eb859bd33fcfa629055099023032e752349e11a8d733ba30a6fc50358392d9abf439e141408f4321d3ed872d9de565953f36b31e73b532b05131735121a42034ef5f9899bb0e78f1b6c15d0a5dca647379233e530bd7c5cd6cda9aa9d1684f0b5e00b4f183c4c21e363953d9b4f09694059b0ed91c5796e7cfc2da589f71c9081d19a0057aba183d028776bfb8421a4a68806cd0e23899ad97160a88e37678f2579e9778ce7b67aec749186628b93b17e8587171211a16b67f6d3ad905dcd7e339313a18e6e54694a75316c050f8d85971628089b37218d3be10c576f4b62e5750fd0d9e5515137c1dc745a93a9bc2d01624da69d4740668b4a',
  'token_type' => 'Bearer',
  'expires_in' => 86400,
  'expires_ts' => 1678024031,
  'expires_time' => '05.03.2023 16:47',
)
[04.03.2023 16:47:11] Is token expired
[04.03.2023 16:47:11] SendData going
[04.03.2023 16:47:11] SendData post: 
[04.03.2023 16:47:11] array (
  0 => 
  array (
    'responsible_user_id' => 9230734,
    'created_by' => 9230734,
    'pipeline_id' => 6439062,
    'status_id' => 55025766,
    'name' => 'Юлия',
    'price' => 0,
    '_embedded' => 
    array (
      'metadata' => 
      array (
        'category' => 'forms',
        'form_sent_at' => 1677937631,
        'ip' => '146.120.158.194',
        'referer' => 'https://proudly.ru/',
        'form_id' => '2',
        'form_name' => 'Давайте начнем новый проект вместе!',
        'form_page' => 'Главая страница',
      ),
      'contacts' => 
      array (
        0 => 
        array (
          'first_name' => 'Юлия',
          'custom_fields_values' => 
          array (
            0 => 
            array (
              'field_code' => 'PHONE',
              'values' => 
              array (
                0 => 
                array (
                  'enum_code' => 'WORK',
                  'value' => '+7 (902) 160-00-44',
                ),
              ),
            ),
          ),
        ),
      ),
    ),
  ),
)
[04.03.2023 16:47:12] Error 402: 
[04.03.2023 16:47:12] 'Undefined error'
[04.03.2023 16:47:12] SendData out: 
[04.03.2023 16:47:12] '{"title":"Payment Required","type":"https://httpstatus.es/402","status":402,"detail":"Payment required"}'
[08.03.2023 11:09:14] ReadyToWork
[08.03.2023 11:09:14] Is tokenData exists: 
[08.03.2023 11:09:14] array (
  'access_token' => 'eyJ0eXAiOiJKV1QiLCJhbGciOiJSUzI1NiIsImp0aSI6IjM5YTYzYzdhMWVmZDQwNzIzZGZjMTRlN2RjYzQ1MWRmOWUzZjJkNDcyMTczOGY1ZDYwNDY1ZTdlNTI1NjlhMDI3NDljZWRlMGUxMjBkNmVlIn0.eyJhdWQiOiJjOTYwMmU2Ni1mMzhhLTQyNTEtOWQ3MS1jYTI5YTllOTg1Y2IiLCJqdGkiOiIzOWE2M2M3YTFlZmQ0MDcyM2RmYzE0ZTdkY2M0NTFkZjllM2YyZDQ3MjE3MzhmNWQ2MDQ2NWU3ZTUyNTY5YTAyNzQ5Y2VkZTBlMTIwZDZlZSIsImlhdCI6MTY3NzkzNzYzMSwibmJmIjoxNjc3OTM3NjMxLCJleHAiOjE2NzgwMjQwMzEsInN1YiI6IjkyMzA3MzQiLCJhY2NvdW50X2lkIjozMDg1NjMxMCwiYmFzZV9kb21haW4iOiJhbW9jcm0ucnUiLCJzY29wZXMiOlsicHVzaF9ub3RpZmljYXRpb25zIiwiZmlsZXMiLCJjcm0iLCJmaWxlc19kZWxldGUiLCJub3RpZmljYXRpb25zIl19.VWBbG1hHbxvW5qMY7lqpnWp6MTLsJk-_tPY59pIWor3qLaJLBkOR6Rho1QGcXOXy39wtu1WVtPHDRcqBZVLAtW6ffax8O-vn4hxWeEOBTLK7yenqpzhC3UMsOSjyGqnVLBvDLEgzJ0w8Hej9VsUbaFISn66PKZGUeBBFvSIptTIFnnwnYTom1eFQfsGrxbaerHz4kTk3wuUfuokxY9UIuuXeXrPF7jutjA__rgwMlowV17r-8iiQCGwjhRyTM2PBbwpzGkUBtR_b2JiIUjExPDAuhvXwWL1wXgxuu_wVXgAmQeXNOLvOOom50oUc5f-Ynnp0QMNbnfHRfs2kprXOnw',
  'refresh_token' => 'def502002c10a437d369b6325d61305bc4daf5f7d0ad05da31599a36aaae43a55212d741f4ddd7ceefd8eaeb173c733506f30fedea65781e7f2cb7b88b21d13ef2dc67822e7b1f922847bacdd2dfcf472e81b9c9dceb57ce3f11b1ce4ee9d1391a2223f357e144b69c4c16c9b2bba92ff9d5d349a445b2e95ff6cb61802e5358f90d102a01735138df4fbd6dd77277e71cd50ff094f858315b1f02653007525a817e170a631a6f0018359f369696277c3b06279f9bc6e90fb09a616cc837f529b1ee5e74ce4c704f09ec2d55e37f64f395257b83b9571da452f62812fe15801a631629afd4a81a7eb859bd33fcfa629055099023032e752349e11a8d733ba30a6fc50358392d9abf439e141408f4321d3ed872d9de565953f36b31e73b532b05131735121a42034ef5f9899bb0e78f1b6c15d0a5dca647379233e530bd7c5cd6cda9aa9d1684f0b5e00b4f183c4c21e363953d9b4f09694059b0ed91c5796e7cfc2da589f71c9081d19a0057aba183d028776bfb8421a4a68806cd0e23899ad97160a88e37678f2579e9778ce7b67aec749186628b93b17e8587171211a16b67f6d3ad905dcd7e339313a18e6e54694a75316c050f8d85971628089b37218d3be10c576f4b62e5750fd0d9e5515137c1dc745a93a9bc2d01624da69d4740668b4a',
  'token_type' => 'Bearer',
  'expires_in' => 86400,
  'expires_ts' => 1678024031,
  'expires_time' => '05.03.2023 16:47',
)
[08.03.2023 11:09:14] Is token expired: 
[08.03.2023 11:09:14] true
[08.03.2023 11:09:14] Refresh going
[08.03.2023 11:09:14] Http status: 
[08.03.2023 11:09:14] 200
[08.03.2023 11:09:14] Refresh: 
[08.03.2023 11:09:14] '{"token_type":"Bearer","expires_in":86400,"access_token":"eyJ0eXAiOiJKV1QiLCJhbGciOiJSUzI1NiIsImp0aSI6Ijk0NjQ2NTgyNDA4MDRlMTAxZDAyN2IxZmYzZjhjZDc2ZDQwMWVlMWUzNTA5MTUwMGFhODZhMTRmMWY2YzFjMDg0ZmU3NzY3Y2U3YTkxOWFlIn0.eyJhdWQiOiJjOTYwMmU2Ni1mMzhhLTQyNTEtOWQ3MS1jYTI5YTllOTg1Y2IiLCJqdGkiOiI5NDY0NjU4MjQwODA0ZTEwMWQwMjdiMWZmM2Y4Y2Q3NmQ0MDFlZTFlMzUwOTE1MDBhYTg2YTE0ZjFmNmMxYzA4NGZlNzc2N2NlN2E5MTlhZSIsImlhdCI6MTY3ODI2Mjk1NCwibmJmIjoxNjc4MjYyOTU0LCJleHAiOjE2NzgzNDkzNTQsInN1YiI6IjkyMzA3MzQiLCJhY2NvdW50X2lkIjozMDg1NjMxMCwiYmFzZV9kb21haW4iOiJhbW9jcm0ucnUiLCJzY29wZXMiOlsicHVzaF9ub3RpZmljYXRpb25zIiwiZmlsZXMiLCJjcm0iLCJmaWxlc19kZWxldGUiLCJub3RpZmljYXRpb25zIl19.rLY7uo1t7UT1V3wqXutwDfKybSMIILp_jWRiZ-7xPxMrtuC_dl1xkhwlajf2vCrlJyv0YUwMvk7G5hdjKcOFo9wPjhWzcAe7kbbLiPV0_4_wd-pvmgO4iiTMT3GwVlGGzOd7bQeXK25YqYlCmPp0zQa6qYTtNVBe28F3lhQOyxY9cOppnoapLXbdYHeh92iz1vmUjFFdZtaqQc-80kVBdo2f4j2h_PjADVuSJzsHxLaodrapfufGap81JIaEtobc_hsTySCwEhBiIdsiuTX36_jq_dKeGOigNMhAF19BSDaBdNXdpSnItvEo2NQAZYQPvTS9TRhLW2IJSGWJt-cfFg","refresh_token":"def5020056731dae9943000949117ea74f23f6dff7413bb20d86ea52e95901c327d30e95cebe36ef8478c0367514ddacf858145beb7d7c03e31eb0cf1a3fe0a64d7a07fef623c0cbf7bb473f83d453e23d57c2b086a2ea39db4a84a462f1421070544826e2f430b44a8d60b30c7fb680f0d98721a73841e6a9f56925269947a3f87e01535c4dbdb34f6a32ecbd71c364d3e5fbfaf90cfe7213d41ffd07abd70e25973ee66fd1852b0c1abda85ad865c6fbd7b75f4c44dd797c88b499d1c48665d09f9da45b899dcc8e8f6ab4ad95a389d899c49d1b59142e725d4484399a278b8cc833dbd6bd13400aec433c5445ea5317eb010ac05f77aef4bbdc55a2b80106fa2ad025ac9c39efda988a4c77950861f8f608955a065082b80dba7616b3439c2809841d1984b866c179129cad77b55a874a592d474ab46125ec494737a8930ffe117e5829249ca1527cc26d113a038c12922aea916af5fd5044a36440b60c91f4a073184cdf6285f6984be3951dde5890546dba15b025528006fd048696e13d84fdf1e784979e7772e40c05716be0ac33957abf49c88a441649c2eec260a505f2b855cbdc3f2b739eba605481de57d617b8c10c7614cb6c890c542401850235cf811bb1981e23889acfdb33620c36216167216958210ba624b6091fa615926fec"}'
[08.03.2023 11:09:14] ReadyToWork
[08.03.2023 11:09:14] Is tokenData exists: 
[08.03.2023 11:09:14] array (
  'access_token' => 'eyJ0eXAiOiJKV1QiLCJhbGciOiJSUzI1NiIsImp0aSI6Ijk0NjQ2NTgyNDA4MDRlMTAxZDAyN2IxZmYzZjhjZDc2ZDQwMWVlMWUzNTA5MTUwMGFhODZhMTRmMWY2YzFjMDg0ZmU3NzY3Y2U3YTkxOWFlIn0.eyJhdWQiOiJjOTYwMmU2Ni1mMzhhLTQyNTEtOWQ3MS1jYTI5YTllOTg1Y2IiLCJqdGkiOiI5NDY0NjU4MjQwODA0ZTEwMWQwMjdiMWZmM2Y4Y2Q3NmQ0MDFlZTFlMzUwOTE1MDBhYTg2YTE0ZjFmNmMxYzA4NGZlNzc2N2NlN2E5MTlhZSIsImlhdCI6MTY3ODI2Mjk1NCwibmJmIjoxNjc4MjYyOTU0LCJleHAiOjE2NzgzNDkzNTQsInN1YiI6IjkyMzA3MzQiLCJhY2NvdW50X2lkIjozMDg1NjMxMCwiYmFzZV9kb21haW4iOiJhbW9jcm0ucnUiLCJzY29wZXMiOlsicHVzaF9ub3RpZmljYXRpb25zIiwiZmlsZXMiLCJjcm0iLCJmaWxlc19kZWxldGUiLCJub3RpZmljYXRpb25zIl19.rLY7uo1t7UT1V3wqXutwDfKybSMIILp_jWRiZ-7xPxMrtuC_dl1xkhwlajf2vCrlJyv0YUwMvk7G5hdjKcOFo9wPjhWzcAe7kbbLiPV0_4_wd-pvmgO4iiTMT3GwVlGGzOd7bQeXK25YqYlCmPp0zQa6qYTtNVBe28F3lhQOyxY9cOppnoapLXbdYHeh92iz1vmUjFFdZtaqQc-80kVBdo2f4j2h_PjADVuSJzsHxLaodrapfufGap81JIaEtobc_hsTySCwEhBiIdsiuTX36_jq_dKeGOigNMhAF19BSDaBdNXdpSnItvEo2NQAZYQPvTS9TRhLW2IJSGWJt-cfFg',
  'refresh_token' => 'def5020056731dae9943000949117ea74f23f6dff7413bb20d86ea52e95901c327d30e95cebe36ef8478c0367514ddacf858145beb7d7c03e31eb0cf1a3fe0a64d7a07fef623c0cbf7bb473f83d453e23d57c2b086a2ea39db4a84a462f1421070544826e2f430b44a8d60b30c7fb680f0d98721a73841e6a9f56925269947a3f87e01535c4dbdb34f6a32ecbd71c364d3e5fbfaf90cfe7213d41ffd07abd70e25973ee66fd1852b0c1abda85ad865c6fbd7b75f4c44dd797c88b499d1c48665d09f9da45b899dcc8e8f6ab4ad95a389d899c49d1b59142e725d4484399a278b8cc833dbd6bd13400aec433c5445ea5317eb010ac05f77aef4bbdc55a2b80106fa2ad025ac9c39efda988a4c77950861f8f608955a065082b80dba7616b3439c2809841d1984b866c179129cad77b55a874a592d474ab46125ec494737a8930ffe117e5829249ca1527cc26d113a038c12922aea916af5fd5044a36440b60c91f4a073184cdf6285f6984be3951dde5890546dba15b025528006fd048696e13d84fdf1e784979e7772e40c05716be0ac33957abf49c88a441649c2eec260a505f2b855cbdc3f2b739eba605481de57d617b8c10c7614cb6c890c542401850235cf811bb1981e23889acfdb33620c36216167216958210ba624b6091fa615926fec',
  'token_type' => 'Bearer',
  'expires_in' => 86400,
  'expires_ts' => 1678349354,
  'expires_time' => '09.03.2023 11:09',
)
[08.03.2023 11:09:14] Is token expired
[08.03.2023 11:09:14] SendData going
[08.03.2023 11:09:14] SendData post: 
[08.03.2023 11:09:14] array (
  0 => 
  array (
    'responsible_user_id' => 9230734,
    'created_by' => 9230734,
    'pipeline_id' => 6439062,
    'status_id' => 55025766,
    'name' => 'Лидия',
    'price' => 0,
    '_embedded' => 
    array (
      'metadata' => 
      array (
        'category' => 'forms',
        'form_sent_at' => 1678262954,
        'ip' => '146.120.158.22',
        'referer' => 'https://proudly.ru/',
        'form_id' => '2',
        'form_name' => 'Давайте начнем новый проект вместе!',
        'form_page' => 'Главая страница',
      ),
      'contacts' => 
      array (
        0 => 
        array (
          'first_name' => 'Лидия',
          'custom_fields_values' => 
          array (
            0 => 
            array (
              'field_code' => 'PHONE',
              'values' => 
              array (
                0 => 
                array (
                  'enum_code' => 'WORK',
                  'value' => '+7 (902) 168-68-00',
                ),
              ),
            ),
          ),
        ),
      ),
    ),
  ),
)
[08.03.2023 11:09:16] Http status: 
[08.03.2023 11:09:16] 200
[08.03.2023 11:09:16] SendData out: 
[08.03.2023 11:09:16] '[{"id":4080556,"contact_id":6211978,"company_id":null,"request_id":["0"],"merged":false}]'
[18.05.2023 22:34:26] ReadyToWork
[18.05.2023 22:34:26] Is tokenData exists: 
[18.05.2023 22:34:26] array (
  'access_token' => 'eyJ0eXAiOiJKV1QiLCJhbGciOiJSUzI1NiIsImp0aSI6Ijk0NjQ2NTgyNDA4MDRlMTAxZDAyN2IxZmYzZjhjZDc2ZDQwMWVlMWUzNTA5MTUwMGFhODZhMTRmMWY2YzFjMDg0ZmU3NzY3Y2U3YTkxOWFlIn0.eyJhdWQiOiJjOTYwMmU2Ni1mMzhhLTQyNTEtOWQ3MS1jYTI5YTllOTg1Y2IiLCJqdGkiOiI5NDY0NjU4MjQwODA0ZTEwMWQwMjdiMWZmM2Y4Y2Q3NmQ0MDFlZTFlMzUwOTE1MDBhYTg2YTE0ZjFmNmMxYzA4NGZlNzc2N2NlN2E5MTlhZSIsImlhdCI6MTY3ODI2Mjk1NCwibmJmIjoxNjc4MjYyOTU0LCJleHAiOjE2NzgzNDkzNTQsInN1YiI6IjkyMzA3MzQiLCJhY2NvdW50X2lkIjozMDg1NjMxMCwiYmFzZV9kb21haW4iOiJhbW9jcm0ucnUiLCJzY29wZXMiOlsicHVzaF9ub3RpZmljYXRpb25zIiwiZmlsZXMiLCJjcm0iLCJmaWxlc19kZWxldGUiLCJub3RpZmljYXRpb25zIl19.rLY7uo1t7UT1V3wqXutwDfKybSMIILp_jWRiZ-7xPxMrtuC_dl1xkhwlajf2vCrlJyv0YUwMvk7G5hdjKcOFo9wPjhWzcAe7kbbLiPV0_4_wd-pvmgO4iiTMT3GwVlGGzOd7bQeXK25YqYlCmPp0zQa6qYTtNVBe28F3lhQOyxY9cOppnoapLXbdYHeh92iz1vmUjFFdZtaqQc-80kVBdo2f4j2h_PjADVuSJzsHxLaodrapfufGap81JIaEtobc_hsTySCwEhBiIdsiuTX36_jq_dKeGOigNMhAF19BSDaBdNXdpSnItvEo2NQAZYQPvTS9TRhLW2IJSGWJt-cfFg',
  'refresh_token' => 'def5020056731dae9943000949117ea74f23f6dff7413bb20d86ea52e95901c327d30e95cebe36ef8478c0367514ddacf858145beb7d7c03e31eb0cf1a3fe0a64d7a07fef623c0cbf7bb473f83d453e23d57c2b086a2ea39db4a84a462f1421070544826e2f430b44a8d60b30c7fb680f0d98721a73841e6a9f56925269947a3f87e01535c4dbdb34f6a32ecbd71c364d3e5fbfaf90cfe7213d41ffd07abd70e25973ee66fd1852b0c1abda85ad865c6fbd7b75f4c44dd797c88b499d1c48665d09f9da45b899dcc8e8f6ab4ad95a389d899c49d1b59142e725d4484399a278b8cc833dbd6bd13400aec433c5445ea5317eb010ac05f77aef4bbdc55a2b80106fa2ad025ac9c39efda988a4c77950861f8f608955a065082b80dba7616b3439c2809841d1984b866c179129cad77b55a874a592d474ab46125ec494737a8930ffe117e5829249ca1527cc26d113a038c12922aea916af5fd5044a36440b60c91f4a073184cdf6285f6984be3951dde5890546dba15b025528006fd048696e13d84fdf1e784979e7772e40c05716be0ac33957abf49c88a441649c2eec260a505f2b855cbdc3f2b739eba605481de57d617b8c10c7614cb6c890c542401850235cf811bb1981e23889acfdb33620c36216167216958210ba624b6091fa615926fec',
  'token_type' => 'Bearer',
  'expires_in' => 86400,
  'expires_ts' => 1678349354,
  'expires_time' => '09.03.2023 11:09',
)
[18.05.2023 22:34:26] Is token expired: 
[18.05.2023 22:34:26] true
[18.05.2023 22:34:26] Refresh going
[18.05.2023 22:34:27] Http status: 
[18.05.2023 22:34:27] 200
[18.05.2023 22:34:27] Refresh: 
[18.05.2023 22:34:27] '{"token_type":"Bearer","expires_in":86400,"access_token":"eyJ0eXAiOiJKV1QiLCJhbGciOiJSUzI1NiIsImp0aSI6Ijk1MzcxM2JhMzU4ZWI1YzA1YzE1NmNmNjQwMDQ4YzE3NDU1ZGI5NDVmN2UxY2EzNzNiZjhjNGU5Zjk1MWZkY2I3M2Y2ZDgyN2I5NGNlNWNlIn0.eyJhdWQiOiJjOTYwMmU2Ni1mMzhhLTQyNTEtOWQ3MS1jYTI5YTllOTg1Y2IiLCJqdGkiOiI5NTM3MTNiYTM1OGViNWMwNWMxNTZjZjY0MDA0OGMxNzQ1NWRiOTQ1ZjdlMWNhMzczYmY4YzRlOWY5NTFmZGNiNzNmNmQ4MjdiOTRjZTVjZSIsImlhdCI6MTY4NDQzODQ2NywibmJmIjoxNjg0NDM4NDY3LCJleHAiOjE2ODQ1MjQ4NjcsInN1YiI6IjkyMzA3MzQiLCJncmFudF90eXBlIjoiIiwiYWNjb3VudF9pZCI6MzA4NTYzMTAsImJhc2VfZG9tYWluIjoiYW1vY3JtLnJ1IiwidmVyc2lvbiI6InYxIiwic2NvcGVzIjpbInB1c2hfbm90aWZpY2F0aW9ucyIsImZpbGVzIiwiY3JtIiwiZmlsZXNfZGVsZXRlIiwibm90aWZpY2F0aW9ucyJdfQ.C5-GfwY0aW08z_U8_h7KFvEp7z80m4YUbAYl78dyXLh3yYAADoCNDUU3aWJck-WIcAGhGlTb14X0qYeIFxi8zL6-oLcE3sxvw6As2vqcLCisnMzWZlaC6K9ZT4KOtcqRdZwKCzBxYQmKG6PSykeIUa0I7WC2pirvkM2LSyI68aLptM_FGiCd5-XTfGpUhdcXwUQBmuQZLJO8_dguRAwRYd3BkwwUqRhIyhexWmqj_KfdN8NZewH8w6tTviFHIwH-7a7AP9yxWSAZBFdOs3MLVWUgnJYjgo0wjJdsV4c7ctU6lRJWHLjtT9Vjitedq964dRyVfs4PjBe2wly5BzW0Rw","refresh_token":"def5020059bb2fb16fb0fb6af72d612ac154e6bcc043386626ac7ead11de6ed3f8c54c456cb3a10548e627cb96b66375bb280647d6420b62368fcfd0ede57fa28b71e3884539817ac8fc5a08537bad8a0535ee6ccc8f7ef16b9984daefb7e6c743a638c2c22cc6d8f9a15ca58a756eb28f915d67ced38e5f7c2a3cfe64f86ec990e02ca4d1102de56b7747b1dbf572e7a8458f2eaa6609559c9d0342b3d40d89ebaaace8fff2b1d84a45a427cb1017c454a1dd5fc6d9ac0540b806f1867ccd37483f91155b9c6dfe463c2646b62212518b174edfe6ba135cd603fbfa878f40aa4036ec1c0700b09c1b0595346033bb89ac9cc048f2f4b723d03570fe8986ac1bc6d6e9e482729887ac2a155e5ce59ad146014ff805da174b566026f5f0beea304a74c65fe83ec2994ea290ff4d6a68ad55e5a8d932287ba144e9a3d44c32844a7130b8524cfbee830e556a7b50a35996c3b813c0f46393cd162d9c331fac0dac544be784fe617183b75b6ddb3dd44201ee59c09413a19325409d8324266d014bb7f93ada2d18482370e0003f2f836ee02cdeeb68d06b43db1f9f9f60d7dd1f95387d974bb9494333ab672a2ece60d8e8ff505815f9db671faea7c4984d8d52e536717b428cdb7b71da52d86fd8e454499d4023d14521d1b76c6e7b52a25dfdd08a5ea948dcd0d5b17b2167bf7d2079db"}'
[18.05.2023 22:34:27] ReadyToWork
[18.05.2023 22:34:27] Is tokenData exists: 
[18.05.2023 22:34:27] array (
  'access_token' => 'eyJ0eXAiOiJKV1QiLCJhbGciOiJSUzI1NiIsImp0aSI6Ijk1MzcxM2JhMzU4ZWI1YzA1YzE1NmNmNjQwMDQ4YzE3NDU1ZGI5NDVmN2UxY2EzNzNiZjhjNGU5Zjk1MWZkY2I3M2Y2ZDgyN2I5NGNlNWNlIn0.eyJhdWQiOiJjOTYwMmU2Ni1mMzhhLTQyNTEtOWQ3MS1jYTI5YTllOTg1Y2IiLCJqdGkiOiI5NTM3MTNiYTM1OGViNWMwNWMxNTZjZjY0MDA0OGMxNzQ1NWRiOTQ1ZjdlMWNhMzczYmY4YzRlOWY5NTFmZGNiNzNmNmQ4MjdiOTRjZTVjZSIsImlhdCI6MTY4NDQzODQ2NywibmJmIjoxNjg0NDM4NDY3LCJleHAiOjE2ODQ1MjQ4NjcsInN1YiI6IjkyMzA3MzQiLCJncmFudF90eXBlIjoiIiwiYWNjb3VudF9pZCI6MzA4NTYzMTAsImJhc2VfZG9tYWluIjoiYW1vY3JtLnJ1IiwidmVyc2lvbiI6InYxIiwic2NvcGVzIjpbInB1c2hfbm90aWZpY2F0aW9ucyIsImZpbGVzIiwiY3JtIiwiZmlsZXNfZGVsZXRlIiwibm90aWZpY2F0aW9ucyJdfQ.C5-GfwY0aW08z_U8_h7KFvEp7z80m4YUbAYl78dyXLh3yYAADoCNDUU3aWJck-WIcAGhGlTb14X0qYeIFxi8zL6-oLcE3sxvw6As2vqcLCisnMzWZlaC6K9ZT4KOtcqRdZwKCzBxYQmKG6PSykeIUa0I7WC2pirvkM2LSyI68aLptM_FGiCd5-XTfGpUhdcXwUQBmuQZLJO8_dguRAwRYd3BkwwUqRhIyhexWmqj_KfdN8NZewH8w6tTviFHIwH-7a7AP9yxWSAZBFdOs3MLVWUgnJYjgo0wjJdsV4c7ctU6lRJWHLjtT9Vjitedq964dRyVfs4PjBe2wly5BzW0Rw',
  'refresh_token' => 'def5020059bb2fb16fb0fb6af72d612ac154e6bcc043386626ac7ead11de6ed3f8c54c456cb3a10548e627cb96b66375bb280647d6420b62368fcfd0ede57fa28b71e3884539817ac8fc5a08537bad8a0535ee6ccc8f7ef16b9984daefb7e6c743a638c2c22cc6d8f9a15ca58a756eb28f915d67ced38e5f7c2a3cfe64f86ec990e02ca4d1102de56b7747b1dbf572e7a8458f2eaa6609559c9d0342b3d40d89ebaaace8fff2b1d84a45a427cb1017c454a1dd5fc6d9ac0540b806f1867ccd37483f91155b9c6dfe463c2646b62212518b174edfe6ba135cd603fbfa878f40aa4036ec1c0700b09c1b0595346033bb89ac9cc048f2f4b723d03570fe8986ac1bc6d6e9e482729887ac2a155e5ce59ad146014ff805da174b566026f5f0beea304a74c65fe83ec2994ea290ff4d6a68ad55e5a8d932287ba144e9a3d44c32844a7130b8524cfbee830e556a7b50a35996c3b813c0f46393cd162d9c331fac0dac544be784fe617183b75b6ddb3dd44201ee59c09413a19325409d8324266d014bb7f93ada2d18482370e0003f2f836ee02cdeeb68d06b43db1f9f9f60d7dd1f95387d974bb9494333ab672a2ece60d8e8ff505815f9db671faea7c4984d8d52e536717b428cdb7b71da52d86fd8e454499d4023d14521d1b76c6e7b52a25dfdd08a5ea948dcd0d5b17b2167bf7d2079db',
  'token_type' => 'Bearer',
  'expires_in' => 86400,
  'expires_ts' => 1684524867,
  'expires_time' => '19.05.2023 22:34',
)
[18.05.2023 22:34:27] Is token expired
[18.05.2023 22:34:27] SendData going
[18.05.2023 22:34:27] SendData post: 
[18.05.2023 22:34:27] array (
  0 => 
  array (
    'responsible_user_id' => 9230734,
    'created_by' => 9230734,
    'pipeline_id' => 6439062,
    'status_id' => 55025766,
    'name' => 'Сергей',
    'price' => 0,
    '_embedded' => 
    array (
      'metadata' => 
      array (
        'category' => 'forms',
        'form_sent_at' => 1684438467,
        'ip' => '185.149.41.35',
        'referer' => 'https://proudly.ru/',
        'form_id' => '2',
        'form_name' => 'Давайте начнем новый проект вместе!',
        'form_page' => 'Главая страница',
      ),
      'contacts' => 
      array (
        0 => 
        array (
          'first_name' => 'Сергей',
          'custom_fields_values' => 
          array (
            0 => 
            array (
              'field_code' => 'PHONE',
              'values' => 
              array (
                0 => 
                array (
                  'enum_code' => 'WORK',
                  'value' => '+7 (795) 395-60-50',
                ),
              ),
            ),
          ),
        ),
      ),
    ),
  ),
)
[18.05.2023 22:34:27] Error 402: 
[18.05.2023 22:34:27] 'Undefined error'
[18.05.2023 22:34:27] SendData out: 
[18.05.2023 22:34:27] '{"title":"Payment Required","type":"https://httpstatus.es/402","status":402,"detail":"Payment required"}'
[18.05.2023 22:34:28] ReadyToWork
[18.05.2023 22:34:28] Is tokenData exists: 
[18.05.2023 22:34:28] array (
  'access_token' => 'eyJ0eXAiOiJKV1QiLCJhbGciOiJSUzI1NiIsImp0aSI6Ijk1MzcxM2JhMzU4ZWI1YzA1YzE1NmNmNjQwMDQ4YzE3NDU1ZGI5NDVmN2UxY2EzNzNiZjhjNGU5Zjk1MWZkY2I3M2Y2ZDgyN2I5NGNlNWNlIn0.eyJhdWQiOiJjOTYwMmU2Ni1mMzhhLTQyNTEtOWQ3MS1jYTI5YTllOTg1Y2IiLCJqdGkiOiI5NTM3MTNiYTM1OGViNWMwNWMxNTZjZjY0MDA0OGMxNzQ1NWRiOTQ1ZjdlMWNhMzczYmY4YzRlOWY5NTFmZGNiNzNmNmQ4MjdiOTRjZTVjZSIsImlhdCI6MTY4NDQzODQ2NywibmJmIjoxNjg0NDM4NDY3LCJleHAiOjE2ODQ1MjQ4NjcsInN1YiI6IjkyMzA3MzQiLCJncmFudF90eXBlIjoiIiwiYWNjb3VudF9pZCI6MzA4NTYzMTAsImJhc2VfZG9tYWluIjoiYW1vY3JtLnJ1IiwidmVyc2lvbiI6InYxIiwic2NvcGVzIjpbInB1c2hfbm90aWZpY2F0aW9ucyIsImZpbGVzIiwiY3JtIiwiZmlsZXNfZGVsZXRlIiwibm90aWZpY2F0aW9ucyJdfQ.C5-GfwY0aW08z_U8_h7KFvEp7z80m4YUbAYl78dyXLh3yYAADoCNDUU3aWJck-WIcAGhGlTb14X0qYeIFxi8zL6-oLcE3sxvw6As2vqcLCisnMzWZlaC6K9ZT4KOtcqRdZwKCzBxYQmKG6PSykeIUa0I7WC2pirvkM2LSyI68aLptM_FGiCd5-XTfGpUhdcXwUQBmuQZLJO8_dguRAwRYd3BkwwUqRhIyhexWmqj_KfdN8NZewH8w6tTviFHIwH-7a7AP9yxWSAZBFdOs3MLVWUgnJYjgo0wjJdsV4c7ctU6lRJWHLjtT9Vjitedq964dRyVfs4PjBe2wly5BzW0Rw',
  'refresh_token' => 'def5020059bb2fb16fb0fb6af72d612ac154e6bcc043386626ac7ead11de6ed3f8c54c456cb3a10548e627cb96b66375bb280647d6420b62368fcfd0ede57fa28b71e3884539817ac8fc5a08537bad8a0535ee6ccc8f7ef16b9984daefb7e6c743a638c2c22cc6d8f9a15ca58a756eb28f915d67ced38e5f7c2a3cfe64f86ec990e02ca4d1102de56b7747b1dbf572e7a8458f2eaa6609559c9d0342b3d40d89ebaaace8fff2b1d84a45a427cb1017c454a1dd5fc6d9ac0540b806f1867ccd37483f91155b9c6dfe463c2646b62212518b174edfe6ba135cd603fbfa878f40aa4036ec1c0700b09c1b0595346033bb89ac9cc048f2f4b723d03570fe8986ac1bc6d6e9e482729887ac2a155e5ce59ad146014ff805da174b566026f5f0beea304a74c65fe83ec2994ea290ff4d6a68ad55e5a8d932287ba144e9a3d44c32844a7130b8524cfbee830e556a7b50a35996c3b813c0f46393cd162d9c331fac0dac544be784fe617183b75b6ddb3dd44201ee59c09413a19325409d8324266d014bb7f93ada2d18482370e0003f2f836ee02cdeeb68d06b43db1f9f9f60d7dd1f95387d974bb9494333ab672a2ece60d8e8ff505815f9db671faea7c4984d8d52e536717b428cdb7b71da52d86fd8e454499d4023d14521d1b76c6e7b52a25dfdd08a5ea948dcd0d5b17b2167bf7d2079db',
  'token_type' => 'Bearer',
  'expires_in' => 86400,
  'expires_ts' => 1684524867,
  'expires_time' => '19.05.2023 22:34',
)
[18.05.2023 22:34:28] Is token expired
[18.05.2023 22:34:28] SendData going
[18.05.2023 22:34:28] SendData post: 
[18.05.2023 22:34:28] array (
  0 => 
  array (
    'responsible_user_id' => 9230734,
    'created_by' => 9230734,
    'pipeline_id' => 6439062,
    'status_id' => 55025766,
    'name' => 'Сергей',
    'price' => 0,
    '_embedded' => 
    array (
      'metadata' => 
      array (
        'category' => 'forms',
        'form_sent_at' => 1684438468,
        'ip' => '185.149.41.35',
        'referer' => 'https://proudly.ru/',
        'form_id' => '5',
        'form_name' => 'Мы перезвоним!',
        'form_page' => 'Главая страница',
      ),
      'contacts' => 
      array (
        0 => 
        array (
          'first_name' => 'Сергей',
          'custom_fields_values' => 
          array (
            0 => 
            array (
              'field_code' => 'PHONE',
              'values' => 
              array (
                0 => 
                array (
                  'enum_code' => 'WORK',
                  'value' => '+7 (795) 395-60-50',
                ),
              ),
            ),
          ),
        ),
      ),
    ),
  ),
)
[18.05.2023 22:34:28] Error 402: 
[18.05.2023 22:34:28] 'Undefined error'
[18.05.2023 22:34:28] SendData out: 
[18.05.2023 22:34:28] '{"title":"Payment Required","type":"https://httpstatus.es/402","status":402,"detail":"Payment required"}'
[18.05.2023 22:34:29] ReadyToWork
[18.05.2023 22:34:29] Is tokenData exists: 
[18.05.2023 22:34:29] array (
  'access_token' => 'eyJ0eXAiOiJKV1QiLCJhbGciOiJSUzI1NiIsImp0aSI6Ijk1MzcxM2JhMzU4ZWI1YzA1YzE1NmNmNjQwMDQ4YzE3NDU1ZGI5NDVmN2UxY2EzNzNiZjhjNGU5Zjk1MWZkY2I3M2Y2ZDgyN2I5NGNlNWNlIn0.eyJhdWQiOiJjOTYwMmU2Ni1mMzhhLTQyNTEtOWQ3MS1jYTI5YTllOTg1Y2IiLCJqdGkiOiI5NTM3MTNiYTM1OGViNWMwNWMxNTZjZjY0MDA0OGMxNzQ1NWRiOTQ1ZjdlMWNhMzczYmY4YzRlOWY5NTFmZGNiNzNmNmQ4MjdiOTRjZTVjZSIsImlhdCI6MTY4NDQzODQ2NywibmJmIjoxNjg0NDM4NDY3LCJleHAiOjE2ODQ1MjQ4NjcsInN1YiI6IjkyMzA3MzQiLCJncmFudF90eXBlIjoiIiwiYWNjb3VudF9pZCI6MzA4NTYzMTAsImJhc2VfZG9tYWluIjoiYW1vY3JtLnJ1IiwidmVyc2lvbiI6InYxIiwic2NvcGVzIjpbInB1c2hfbm90aWZpY2F0aW9ucyIsImZpbGVzIiwiY3JtIiwiZmlsZXNfZGVsZXRlIiwibm90aWZpY2F0aW9ucyJdfQ.C5-GfwY0aW08z_U8_h7KFvEp7z80m4YUbAYl78dyXLh3yYAADoCNDUU3aWJck-WIcAGhGlTb14X0qYeIFxi8zL6-oLcE3sxvw6As2vqcLCisnMzWZlaC6K9ZT4KOtcqRdZwKCzBxYQmKG6PSykeIUa0I7WC2pirvkM2LSyI68aLptM_FGiCd5-XTfGpUhdcXwUQBmuQZLJO8_dguRAwRYd3BkwwUqRhIyhexWmqj_KfdN8NZewH8w6tTviFHIwH-7a7AP9yxWSAZBFdOs3MLVWUgnJYjgo0wjJdsV4c7ctU6lRJWHLjtT9Vjitedq964dRyVfs4PjBe2wly5BzW0Rw',
  'refresh_token' => 'def5020059bb2fb16fb0fb6af72d612ac154e6bcc043386626ac7ead11de6ed3f8c54c456cb3a10548e627cb96b66375bb280647d6420b62368fcfd0ede57fa28b71e3884539817ac8fc5a08537bad8a0535ee6ccc8f7ef16b9984daefb7e6c743a638c2c22cc6d8f9a15ca58a756eb28f915d67ced38e5f7c2a3cfe64f86ec990e02ca4d1102de56b7747b1dbf572e7a8458f2eaa6609559c9d0342b3d40d89ebaaace8fff2b1d84a45a427cb1017c454a1dd5fc6d9ac0540b806f1867ccd37483f91155b9c6dfe463c2646b62212518b174edfe6ba135cd603fbfa878f40aa4036ec1c0700b09c1b0595346033bb89ac9cc048f2f4b723d03570fe8986ac1bc6d6e9e482729887ac2a155e5ce59ad146014ff805da174b566026f5f0beea304a74c65fe83ec2994ea290ff4d6a68ad55e5a8d932287ba144e9a3d44c32844a7130b8524cfbee830e556a7b50a35996c3b813c0f46393cd162d9c331fac0dac544be784fe617183b75b6ddb3dd44201ee59c09413a19325409d8324266d014bb7f93ada2d18482370e0003f2f836ee02cdeeb68d06b43db1f9f9f60d7dd1f95387d974bb9494333ab672a2ece60d8e8ff505815f9db671faea7c4984d8d52e536717b428cdb7b71da52d86fd8e454499d4023d14521d1b76c6e7b52a25dfdd08a5ea948dcd0d5b17b2167bf7d2079db',
  'token_type' => 'Bearer',
  'expires_in' => 86400,
  'expires_ts' => 1684524867,
  'expires_time' => '19.05.2023 22:34',
)
[18.05.2023 22:34:29] Is token expired
[18.05.2023 22:34:29] SendData going
[18.05.2023 22:34:29] SendData post: 
[18.05.2023 22:34:29] array (
  0 => 
  array (
    'responsible_user_id' => 9230734,
    'created_by' => 9230734,
    'pipeline_id' => 6439062,
    'status_id' => 55025766,
    'name' => 'Сергей',
    'price' => 0,
    '_embedded' => 
    array (
      'metadata' => 
      array (
        'category' => 'forms',
        'form_sent_at' => 1684438469,
        'ip' => '185.149.41.35',
        'referer' => 'https://proudly.ru/',
        'form_id' => '3',
        'form_name' => 'Расскажите о задаче',
        'form_page' => 'Главая страница',
      ),
      'contacts' => 
      array (
        0 => 
        array (
          'first_name' => 'Сергей',
          'custom_fields_values' => 
          array (
            0 => 
            array (
              'field_code' => 'PHONE',
              'values' => 
              array (
                0 => 
                array (
                  'enum_code' => 'WORK',
                  'value' => '+7 (795) 395-60-50',
                ),
              ),
            ),
          ),
        ),
      ),
    ),
  ),
)
[18.05.2023 22:34:29] Error 402: 
[18.05.2023 22:34:29] 'Undefined error'
[18.05.2023 22:34:29] SendData out: 
[18.05.2023 22:34:29] '{"title":"Payment Required","type":"https://httpstatus.es/402","status":402,"detail":"Payment required"}'
[18.05.2023 22:34:30] ReadyToWork
[18.05.2023 22:34:30] Is tokenData exists: 
[18.05.2023 22:34:30] array (
  'access_token' => 'eyJ0eXAiOiJKV1QiLCJhbGciOiJSUzI1NiIsImp0aSI6Ijk1MzcxM2JhMzU4ZWI1YzA1YzE1NmNmNjQwMDQ4YzE3NDU1ZGI5NDVmN2UxY2EzNzNiZjhjNGU5Zjk1MWZkY2I3M2Y2ZDgyN2I5NGNlNWNlIn0.eyJhdWQiOiJjOTYwMmU2Ni1mMzhhLTQyNTEtOWQ3MS1jYTI5YTllOTg1Y2IiLCJqdGkiOiI5NTM3MTNiYTM1OGViNWMwNWMxNTZjZjY0MDA0OGMxNzQ1NWRiOTQ1ZjdlMWNhMzczYmY4YzRlOWY5NTFmZGNiNzNmNmQ4MjdiOTRjZTVjZSIsImlhdCI6MTY4NDQzODQ2NywibmJmIjoxNjg0NDM4NDY3LCJleHAiOjE2ODQ1MjQ4NjcsInN1YiI6IjkyMzA3MzQiLCJncmFudF90eXBlIjoiIiwiYWNjb3VudF9pZCI6MzA4NTYzMTAsImJhc2VfZG9tYWluIjoiYW1vY3JtLnJ1IiwidmVyc2lvbiI6InYxIiwic2NvcGVzIjpbInB1c2hfbm90aWZpY2F0aW9ucyIsImZpbGVzIiwiY3JtIiwiZmlsZXNfZGVsZXRlIiwibm90aWZpY2F0aW9ucyJdfQ.C5-GfwY0aW08z_U8_h7KFvEp7z80m4YUbAYl78dyXLh3yYAADoCNDUU3aWJck-WIcAGhGlTb14X0qYeIFxi8zL6-oLcE3sxvw6As2vqcLCisnMzWZlaC6K9ZT4KOtcqRdZwKCzBxYQmKG6PSykeIUa0I7WC2pirvkM2LSyI68aLptM_FGiCd5-XTfGpUhdcXwUQBmuQZLJO8_dguRAwRYd3BkwwUqRhIyhexWmqj_KfdN8NZewH8w6tTviFHIwH-7a7AP9yxWSAZBFdOs3MLVWUgnJYjgo0wjJdsV4c7ctU6lRJWHLjtT9Vjitedq964dRyVfs4PjBe2wly5BzW0Rw',
  'refresh_token' => 'def5020059bb2fb16fb0fb6af72d612ac154e6bcc043386626ac7ead11de6ed3f8c54c456cb3a10548e627cb96b66375bb280647d6420b62368fcfd0ede57fa28b71e3884539817ac8fc5a08537bad8a0535ee6ccc8f7ef16b9984daefb7e6c743a638c2c22cc6d8f9a15ca58a756eb28f915d67ced38e5f7c2a3cfe64f86ec990e02ca4d1102de56b7747b1dbf572e7a8458f2eaa6609559c9d0342b3d40d89ebaaace8fff2b1d84a45a427cb1017c454a1dd5fc6d9ac0540b806f1867ccd37483f91155b9c6dfe463c2646b62212518b174edfe6ba135cd603fbfa878f40aa4036ec1c0700b09c1b0595346033bb89ac9cc048f2f4b723d03570fe8986ac1bc6d6e9e482729887ac2a155e5ce59ad146014ff805da174b566026f5f0beea304a74c65fe83ec2994ea290ff4d6a68ad55e5a8d932287ba144e9a3d44c32844a7130b8524cfbee830e556a7b50a35996c3b813c0f46393cd162d9c331fac0dac544be784fe617183b75b6ddb3dd44201ee59c09413a19325409d8324266d014bb7f93ada2d18482370e0003f2f836ee02cdeeb68d06b43db1f9f9f60d7dd1f95387d974bb9494333ab672a2ece60d8e8ff505815f9db671faea7c4984d8d52e536717b428cdb7b71da52d86fd8e454499d4023d14521d1b76c6e7b52a25dfdd08a5ea948dcd0d5b17b2167bf7d2079db',
  'token_type' => 'Bearer',
  'expires_in' => 86400,
  'expires_ts' => 1684524867,
  'expires_time' => '19.05.2023 22:34',
)
[18.05.2023 22:34:30] Is token expired
[18.05.2023 22:34:30] SendData going
[18.05.2023 22:34:30] SendData post: 
[18.05.2023 22:34:30] array (
  0 => 
  array (
    'responsible_user_id' => 9230734,
    'created_by' => 9230734,
    'pipeline_id' => 6439062,
    'status_id' => 55025766,
    'name' => 'Сергей',
    'price' => 0,
    '_embedded' => 
    array (
      'metadata' => 
      array (
        'category' => 'forms',
        'form_sent_at' => 1684438470,
        'ip' => '185.149.41.35',
        'referer' => 'https://proudly.ru/',
        'form_id' => '4',
        'form_name' => 'Задайте вопрос',
        'form_page' => 'Главая страница',
      ),
      'contacts' => 
      array (
        0 => 
        array (
          'first_name' => 'Сергей',
          'custom_fields_values' => 
          array (
            0 => 
            array (
              'field_code' => 'PHONE',
              'values' => 
              array (
                0 => 
                array (
                  'enum_code' => 'WORK',
                  'value' => '+7 (795) 395-60-50',
                ),
              ),
            ),
          ),
        ),
      ),
    ),
  ),
)
[18.05.2023 22:34:31] Error 402: 
[18.05.2023 22:34:31] 'Undefined error'
[18.05.2023 22:34:31] SendData out: 
[18.05.2023 22:34:31] '{"title":"Payment Required","type":"https://httpstatus.es/402","status":402,"detail":"Payment required"}'
[16.06.2023 15:08:11] ReadyToWork
[16.06.2023 15:08:11] Is tokenData exists: 
[16.06.2023 15:08:11] array (
  'access_token' => 'eyJ0eXAiOiJKV1QiLCJhbGciOiJSUzI1NiIsImp0aSI6Ijk1MzcxM2JhMzU4ZWI1YzA1YzE1NmNmNjQwMDQ4YzE3NDU1ZGI5NDVmN2UxY2EzNzNiZjhjNGU5Zjk1MWZkY2I3M2Y2ZDgyN2I5NGNlNWNlIn0.eyJhdWQiOiJjOTYwMmU2Ni1mMzhhLTQyNTEtOWQ3MS1jYTI5YTllOTg1Y2IiLCJqdGkiOiI5NTM3MTNiYTM1OGViNWMwNWMxNTZjZjY0MDA0OGMxNzQ1NWRiOTQ1ZjdlMWNhMzczYmY4YzRlOWY5NTFmZGNiNzNmNmQ4MjdiOTRjZTVjZSIsImlhdCI6MTY4NDQzODQ2NywibmJmIjoxNjg0NDM4NDY3LCJleHAiOjE2ODQ1MjQ4NjcsInN1YiI6IjkyMzA3MzQiLCJncmFudF90eXBlIjoiIiwiYWNjb3VudF9pZCI6MzA4NTYzMTAsImJhc2VfZG9tYWluIjoiYW1vY3JtLnJ1IiwidmVyc2lvbiI6InYxIiwic2NvcGVzIjpbInB1c2hfbm90aWZpY2F0aW9ucyIsImZpbGVzIiwiY3JtIiwiZmlsZXNfZGVsZXRlIiwibm90aWZpY2F0aW9ucyJdfQ.C5-GfwY0aW08z_U8_h7KFvEp7z80m4YUbAYl78dyXLh3yYAADoCNDUU3aWJck-WIcAGhGlTb14X0qYeIFxi8zL6-oLcE3sxvw6As2vqcLCisnMzWZlaC6K9ZT4KOtcqRdZwKCzBxYQmKG6PSykeIUa0I7WC2pirvkM2LSyI68aLptM_FGiCd5-XTfGpUhdcXwUQBmuQZLJO8_dguRAwRYd3BkwwUqRhIyhexWmqj_KfdN8NZewH8w6tTviFHIwH-7a7AP9yxWSAZBFdOs3MLVWUgnJYjgo0wjJdsV4c7ctU6lRJWHLjtT9Vjitedq964dRyVfs4PjBe2wly5BzW0Rw',
  'refresh_token' => 'def5020059bb2fb16fb0fb6af72d612ac154e6bcc043386626ac7ead11de6ed3f8c54c456cb3a10548e627cb96b66375bb280647d6420b62368fcfd0ede57fa28b71e3884539817ac8fc5a08537bad8a0535ee6ccc8f7ef16b9984daefb7e6c743a638c2c22cc6d8f9a15ca58a756eb28f915d67ced38e5f7c2a3cfe64f86ec990e02ca4d1102de56b7747b1dbf572e7a8458f2eaa6609559c9d0342b3d40d89ebaaace8fff2b1d84a45a427cb1017c454a1dd5fc6d9ac0540b806f1867ccd37483f91155b9c6dfe463c2646b62212518b174edfe6ba135cd603fbfa878f40aa4036ec1c0700b09c1b0595346033bb89ac9cc048f2f4b723d03570fe8986ac1bc6d6e9e482729887ac2a155e5ce59ad146014ff805da174b566026f5f0beea304a74c65fe83ec2994ea290ff4d6a68ad55e5a8d932287ba144e9a3d44c32844a7130b8524cfbee830e556a7b50a35996c3b813c0f46393cd162d9c331fac0dac544be784fe617183b75b6ddb3dd44201ee59c09413a19325409d8324266d014bb7f93ada2d18482370e0003f2f836ee02cdeeb68d06b43db1f9f9f60d7dd1f95387d974bb9494333ab672a2ece60d8e8ff505815f9db671faea7c4984d8d52e536717b428cdb7b71da52d86fd8e454499d4023d14521d1b76c6e7b52a25dfdd08a5ea948dcd0d5b17b2167bf7d2079db',
  'token_type' => 'Bearer',
  'expires_in' => 86400,
  'expires_ts' => 1684524867,
  'expires_time' => '19.05.2023 22:34',
)
[16.06.2023 15:08:11] Is token expired: 
[16.06.2023 15:08:11] true
[16.06.2023 15:08:11] Refresh going
[16.06.2023 15:08:12] Http status: 
[16.06.2023 15:08:12] 200
[16.06.2023 15:08:12] Refresh: 
[16.06.2023 15:08:12] '{"token_type":"Bearer","expires_in":86400,"access_token":"eyJ0eXAiOiJKV1QiLCJhbGciOiJSUzI1NiIsImp0aSI6ImNhNzVlZWFkM2NiNjc5NzgxN2JhOTY0OWJlNzQ0YWEzNjUyNzZkMjEwMDMxMTY3YWNhN2U4ZTJjNmM0NDQ0YzQ0ZGZlZWY3MzM3NDJkZmUzIn0.eyJhdWQiOiJjOTYwMmU2Ni1mMzhhLTQyNTEtOWQ3MS1jYTI5YTllOTg1Y2IiLCJqdGkiOiJjYTc1ZWVhZDNjYjY3OTc4MTdiYTk2NDliZTc0NGFhMzY1Mjc2ZDIxMDAzMTE2N2FjYTdlOGUyYzZjNDQ0NGM0NGRmZWVmNzMzNzQyZGZlMyIsImlhdCI6MTY4NjkxNzI5MiwibmJmIjoxNjg2OTE3MjkyLCJleHAiOjE2ODcwMDM2OTIsInN1YiI6IjkyMzA3MzQiLCJncmFudF90eXBlIjoiIiwiYWNjb3VudF9pZCI6MzA4NTYzMTAsImJhc2VfZG9tYWluIjoiYW1vY3JtLnJ1IiwidmVyc2lvbiI6InYxIiwic2NvcGVzIjpbInB1c2hfbm90aWZpY2F0aW9ucyIsImZpbGVzIiwiY3JtIiwiZmlsZXNfZGVsZXRlIiwibm90aWZpY2F0aW9ucyJdfQ.pOEdm36C7A__RU5QKtalpb1cmdF8e7RYTnHq_OyjUK8fKHTc4C8EcW2kXlktnahZz6XmrIFuRA6WblvaSKsbIn55UbrxUVhn5y7-KmeePgLWlI6Se0QEi1wvaJI-_fy0DBxKkLzNS5vInl9_xsv7KZbTdMIKgzQWwYu5ZLzahGw954hXimqepxD2ubr811p8zCBx_bAEI_ADumMahUO8FSjUmtrYS1LCZaVec6Hr2EvcS6mczoDVqEXG-hcEVTPEQygyzkWRe9g63dn2gL2hYVwwbfPFyzNekokH3mMOxxPycm0D6OAyv-xNvhJWdCjZN_owrfookeIa07HmU0Db1g","refresh_token":"def50200d86b3b53c1289e03ad936f7653907512ae6abd2f67c7c9897aa90d023b5bc5645ba7d5d18107f86947390300d9330f6c5c81abfb891235f53839b9bec34ac30e39ec0427d4a70c7d6261ce85179d4a9668cb12cdde0f6e4615faf8583195a4a99cc8394deafa43649408d0b3a85c84258b1a608c17c604c2a5e7bb6f1ab2b7e99b1736f8b4d7cec7a97c4767989ff019fe738f8348b5be5fcb67c213af959d3e232fbae4a4fb411a01d756150eb46b6b9476a0addc977a58ae378b9f1363bb36b868dc8c9c58ce0869e766f307aae786e8b21241c832648bc01b5b854a12d607ce0bc61195bacd223c021ed09650d2635f3ae5375f6770ed503f12318879bb6d890ecabe164e46f359991025ee4ff5cc989030f94661794e205f969689828f276bc952206dc999f67d5b184894caff87f896f8015d8e81779dade7a1ccb2c57a3196afdfc156c96f8e53b6fa30172d0ac12821ac18af95216a9052b16f309e90a6ea8815cffaa2b329595aa2111953a23257f1122ae89987b333cc1c7769dfcf9b366dbd2474b972a279128b2e121592de0e2bfee8e9ac13de68891fd02896af5633eeaec4058ee3918375f54bf074289bcba12da68531d6923d15b5736d9a670230c9c71ba22a4f78c321e2aabbd06f3d11f4ef3cfd80b0cf564af88cec6e27d534624459a6c2adc2f47ef8"}'
[16.06.2023 15:08:12] ReadyToWork
[16.06.2023 15:08:12] Is tokenData exists: 
[16.06.2023 15:08:12] array (
  'access_token' => 'eyJ0eXAiOiJKV1QiLCJhbGciOiJSUzI1NiIsImp0aSI6ImNhNzVlZWFkM2NiNjc5NzgxN2JhOTY0OWJlNzQ0YWEzNjUyNzZkMjEwMDMxMTY3YWNhN2U4ZTJjNmM0NDQ0YzQ0ZGZlZWY3MzM3NDJkZmUzIn0.eyJhdWQiOiJjOTYwMmU2Ni1mMzhhLTQyNTEtOWQ3MS1jYTI5YTllOTg1Y2IiLCJqdGkiOiJjYTc1ZWVhZDNjYjY3OTc4MTdiYTk2NDliZTc0NGFhMzY1Mjc2ZDIxMDAzMTE2N2FjYTdlOGUyYzZjNDQ0NGM0NGRmZWVmNzMzNzQyZGZlMyIsImlhdCI6MTY4NjkxNzI5MiwibmJmIjoxNjg2OTE3MjkyLCJleHAiOjE2ODcwMDM2OTIsInN1YiI6IjkyMzA3MzQiLCJncmFudF90eXBlIjoiIiwiYWNjb3VudF9pZCI6MzA4NTYzMTAsImJhc2VfZG9tYWluIjoiYW1vY3JtLnJ1IiwidmVyc2lvbiI6InYxIiwic2NvcGVzIjpbInB1c2hfbm90aWZpY2F0aW9ucyIsImZpbGVzIiwiY3JtIiwiZmlsZXNfZGVsZXRlIiwibm90aWZpY2F0aW9ucyJdfQ.pOEdm36C7A__RU5QKtalpb1cmdF8e7RYTnHq_OyjUK8fKHTc4C8EcW2kXlktnahZz6XmrIFuRA6WblvaSKsbIn55UbrxUVhn5y7-KmeePgLWlI6Se0QEi1wvaJI-_fy0DBxKkLzNS5vInl9_xsv7KZbTdMIKgzQWwYu5ZLzahGw954hXimqepxD2ubr811p8zCBx_bAEI_ADumMahUO8FSjUmtrYS1LCZaVec6Hr2EvcS6mczoDVqEXG-hcEVTPEQygyzkWRe9g63dn2gL2hYVwwbfPFyzNekokH3mMOxxPycm0D6OAyv-xNvhJWdCjZN_owrfookeIa07HmU0Db1g',
  'refresh_token' => 'def50200d86b3b53c1289e03ad936f7653907512ae6abd2f67c7c9897aa90d023b5bc5645ba7d5d18107f86947390300d9330f6c5c81abfb891235f53839b9bec34ac30e39ec0427d4a70c7d6261ce85179d4a9668cb12cdde0f6e4615faf8583195a4a99cc8394deafa43649408d0b3a85c84258b1a608c17c604c2a5e7bb6f1ab2b7e99b1736f8b4d7cec7a97c4767989ff019fe738f8348b5be5fcb67c213af959d3e232fbae4a4fb411a01d756150eb46b6b9476a0addc977a58ae378b9f1363bb36b868dc8c9c58ce0869e766f307aae786e8b21241c832648bc01b5b854a12d607ce0bc61195bacd223c021ed09650d2635f3ae5375f6770ed503f12318879bb6d890ecabe164e46f359991025ee4ff5cc989030f94661794e205f969689828f276bc952206dc999f67d5b184894caff87f896f8015d8e81779dade7a1ccb2c57a3196afdfc156c96f8e53b6fa30172d0ac12821ac18af95216a9052b16f309e90a6ea8815cffaa2b329595aa2111953a23257f1122ae89987b333cc1c7769dfcf9b366dbd2474b972a279128b2e121592de0e2bfee8e9ac13de68891fd02896af5633eeaec4058ee3918375f54bf074289bcba12da68531d6923d15b5736d9a670230c9c71ba22a4f78c321e2aabbd06f3d11f4ef3cfd80b0cf564af88cec6e27d534624459a6c2adc2f47ef8',
  'token_type' => 'Bearer',
  'expires_in' => 86400,
  'expires_ts' => 1687003692,
  'expires_time' => '17.06.2023 15:08',
)
[16.06.2023 15:08:12] Is token expired
[16.06.2023 15:08:12] SendData going
[16.06.2023 15:08:12] SendData post: 
[16.06.2023 15:08:12] array (
  0 => 
  array (
    'responsible_user_id' => 9230734,
    'created_by' => 9230734,
    'pipeline_id' => 6439062,
    'status_id' => 55025766,
    'name' => 'Новая заявка: Роман',
    'price' => 0,
    '_embedded' => 
    array (
      'metadata' => 
      array (
        'category' => 'forms',
        'form_sent_at' => 1686917292,
        'ip' => '5.59.98.19',
        'form_id' => 1,
        'form_name' => 'Форма заяки',
        'form_page' => 'Главная',
      ),
      'contacts' => 
      array (
        0 => 
        array (
          'first_name' => 'Новая заявка: Роман',
          'custom_fields_values' => 
          array (
            0 => 
            array (
              'field_code' => 'EMAIL',
              'values' => 
              array (
                0 => 
                array (
                  'enum_code' => 'WORK',
                  'value' => 'sgtpepper2000@yandex.ru',
                ),
              ),
            ),
            1 => 
            array (
              'field_code' => 'PHONE',
              'values' => 
              array (
                0 => 
                array (
                  'enum_code' => 'WORK',
                  'value' => '+79872608688',
                ),
              ),
            ),
            2 => 
            array (
              'field_id' => 1018487,
              'values' => 
              array (
                0 => 
                array (
                  'enum_code' => 'WORK',
                  'value' => 'Текстовое сообщение',
                ),
              ),
            ),
          ),
        ),
      ),
    ),
  ),
)
[16.06.2023 15:08:13] Error 400: 
[16.06.2023 15:08:13] 'Undefined error'
[16.06.2023 15:08:13] SendData out: 
[16.06.2023 15:08:13] '{"validation-errors":[{"request_id":"0","errors":[{"code":"FieldNotExpected","path":"_embedded.contacts.0.custom_fields_values.2.values.0.enum_code","detail":"This field was not expected."}]}],"title":"Bad Request","type":"https://httpstatus.es/400","status":400,"detail":"Request validation failed"}'
[29.06.2023 17:50:06] ReadyToWork
[29.06.2023 17:50:06] Is tokenData exists: 
[29.06.2023 17:50:06] array (
  'access_token' => 'eyJ0eXAiOiJKV1QiLCJhbGciOiJSUzI1NiIsImp0aSI6ImNhNzVlZWFkM2NiNjc5NzgxN2JhOTY0OWJlNzQ0YWEzNjUyNzZkMjEwMDMxMTY3YWNhN2U4ZTJjNmM0NDQ0YzQ0ZGZlZWY3MzM3NDJkZmUzIn0.eyJhdWQiOiJjOTYwMmU2Ni1mMzhhLTQyNTEtOWQ3MS1jYTI5YTllOTg1Y2IiLCJqdGkiOiJjYTc1ZWVhZDNjYjY3OTc4MTdiYTk2NDliZTc0NGFhMzY1Mjc2ZDIxMDAzMTE2N2FjYTdlOGUyYzZjNDQ0NGM0NGRmZWVmNzMzNzQyZGZlMyIsImlhdCI6MTY4NjkxNzI5MiwibmJmIjoxNjg2OTE3MjkyLCJleHAiOjE2ODcwMDM2OTIsInN1YiI6IjkyMzA3MzQiLCJncmFudF90eXBlIjoiIiwiYWNjb3VudF9pZCI6MzA4NTYzMTAsImJhc2VfZG9tYWluIjoiYW1vY3JtLnJ1IiwidmVyc2lvbiI6InYxIiwic2NvcGVzIjpbInB1c2hfbm90aWZpY2F0aW9ucyIsImZpbGVzIiwiY3JtIiwiZmlsZXNfZGVsZXRlIiwibm90aWZpY2F0aW9ucyJdfQ.pOEdm36C7A__RU5QKtalpb1cmdF8e7RYTnHq_OyjUK8fKHTc4C8EcW2kXlktnahZz6XmrIFuRA6WblvaSKsbIn55UbrxUVhn5y7-KmeePgLWlI6Se0QEi1wvaJI-_fy0DBxKkLzNS5vInl9_xsv7KZbTdMIKgzQWwYu5ZLzahGw954hXimqepxD2ubr811p8zCBx_bAEI_ADumMahUO8FSjUmtrYS1LCZaVec6Hr2EvcS6mczoDVqEXG-hcEVTPEQygyzkWRe9g63dn2gL2hYVwwbfPFyzNekokH3mMOxxPycm0D6OAyv-xNvhJWdCjZN_owrfookeIa07HmU0Db1g',
  'refresh_token' => 'def50200d86b3b53c1289e03ad936f7653907512ae6abd2f67c7c9897aa90d023b5bc5645ba7d5d18107f86947390300d9330f6c5c81abfb891235f53839b9bec34ac30e39ec0427d4a70c7d6261ce85179d4a9668cb12cdde0f6e4615faf8583195a4a99cc8394deafa43649408d0b3a85c84258b1a608c17c604c2a5e7bb6f1ab2b7e99b1736f8b4d7cec7a97c4767989ff019fe738f8348b5be5fcb67c213af959d3e232fbae4a4fb411a01d756150eb46b6b9476a0addc977a58ae378b9f1363bb36b868dc8c9c58ce0869e766f307aae786e8b21241c832648bc01b5b854a12d607ce0bc61195bacd223c021ed09650d2635f3ae5375f6770ed503f12318879bb6d890ecabe164e46f359991025ee4ff5cc989030f94661794e205f969689828f276bc952206dc999f67d5b184894caff87f896f8015d8e81779dade7a1ccb2c57a3196afdfc156c96f8e53b6fa30172d0ac12821ac18af95216a9052b16f309e90a6ea8815cffaa2b329595aa2111953a23257f1122ae89987b333cc1c7769dfcf9b366dbd2474b972a279128b2e121592de0e2bfee8e9ac13de68891fd02896af5633eeaec4058ee3918375f54bf074289bcba12da68531d6923d15b5736d9a670230c9c71ba22a4f78c321e2aabbd06f3d11f4ef3cfd80b0cf564af88cec6e27d534624459a6c2adc2f47ef8',
  'token_type' => 'Bearer',
  'expires_in' => 86400,
  'expires_ts' => 1687003692,
  'expires_time' => '17.06.2023 15:08',
)
[29.06.2023 17:50:06] Is token expired: 
[29.06.2023 17:50:06] true
[29.06.2023 17:50:06] Refresh going
[29.06.2023 17:50:08] Http status: 
[29.06.2023 17:50:08] 200
[29.06.2023 17:50:08] Refresh: 
[29.06.2023 17:50:08] '{"token_type":"Bearer","expires_in":86400,"access_token":"eyJ0eXAiOiJKV1QiLCJhbGciOiJSUzI1NiIsImp0aSI6IjEwOTc3MTU0Y2ZhYTA4MjBiYmUxNjBiMjgwN2MzMzA3ODRhNDlkOTFkYjhiOTBmYjM1MTE2MTM0YzhhNTJmODA2OWEwZDc4YzlmNGIxNGE4In0.eyJhdWQiOiJjOTYwMmU2Ni1mMzhhLTQyNTEtOWQ3MS1jYTI5YTllOTg1Y2IiLCJqdGkiOiIxMDk3NzE1NGNmYWEwODIwYmJlMTYwYjI4MDdjMzMwNzg0YTQ5ZDkxZGI4YjkwZmIzNTExNjEzNGM4YTUyZjgwNjlhMGQ3OGM5ZjRiMTRhOCIsImlhdCI6MTY4ODA1MDIwNywibmJmIjoxNjg4MDUwMjA3LCJleHAiOjE2ODgxMzY2MDcsInN1YiI6IjkyMzA3MzQiLCJncmFudF90eXBlIjoiIiwiYWNjb3VudF9pZCI6MzA4NTYzMTAsImJhc2VfZG9tYWluIjoiYW1vY3JtLnJ1IiwidmVyc2lvbiI6InYxIiwic2NvcGVzIjpbInB1c2hfbm90aWZpY2F0aW9ucyIsImZpbGVzIiwiY3JtIiwiZmlsZXNfZGVsZXRlIiwibm90aWZpY2F0aW9ucyJdfQ.NO9LsdiKgVsYD58xcKqWl6MO6SOVVVmEvNxeZfYRgo5wyJMPIUoYMzIIDWRDQiVtmw1S7C1vjVgUQN_Y8gNQfVJOzVvuzWpntJKjvqiOWLIQxwQZhTvXSFJTMWFxNuoOeDpzRZOoe9YPjxb67nWWr07N2QflERLFrlGMoHgtrEuVHoh2GoG5jxaZgyc40xB9qYw3l6q7oiYPmV05iXrTYY4fLDqvqg3aFExv8ON0x91wWUe-qQBlwq3v1cBpX0y4MLZWNfchp_TeS7QnFvUGprZrsIcqE22U1FvhbPgl-qoOIlOBqFjJjy4PbNaFCA2LxOGWp_DAUbTmX_7RPhxZ1A","refresh_token":"def50200fe3a82488656c010a244a3200821e4190f83612dd6a3ed1062e7503336caed5b9049c9eb93976bd1ae4195e71e5dbe8153303c222ff2dae2a35df6831ba9bede1f9d6359edd888f9c0a2852fe8062e260b2291981614fd5d1525716f7a11e076f5e714beca5838fc0664308a8fac558f376d576246debd0cd525b032da7e4b048e5509fd5cd8bd34a86b51b6acde3ab1cec56ded2b344b4cf8953325124eb43cc60acfa172e9a08e1c58a828a9060efee21ed77f1707a957f585019da0263a4418860addda02c27115bec052873a3726937e7e34a9a8b7f1c4cffd577c591a1c9dd9db9933a794c75dfe3f4652b2b64c58805b94da9357baf144c4cfbff208fa9177937b012c32ddb95b2033bd88f9f4785c0eccafb2ddf2a440d0cc8e45688f48bc8a90e42fb9f9a24e05e381643f8be644cfefb7609cb1d45b8a6a6df2a49c9aa514e2f37d992d559de94d9a25e70643ec3046ed56aea204e544481ba603fbf622176da6d31683ca9ffd5fc8ac2f60f9d5cef4ce5eb22af4492fa63d931b7e0ede2bd17b82a13bcea13ce4d53c311b3b74398939e67af50591226f7e6edeb04e81da72c0caf0602047c2970afb1b9b90a6c354d845ff479b8459190f75382a1f8654254098d8c0a1ef331cfc1e92dd31e09f7fdcbdd28daeb3e3231fcaa8e7ceb201e804dbcf1a3bf7d5c9"}'
[29.06.2023 17:50:08] ReadyToWork
[29.06.2023 17:50:08] Is tokenData exists: 
[29.06.2023 17:50:08] array (
  'access_token' => 'eyJ0eXAiOiJKV1QiLCJhbGciOiJSUzI1NiIsImp0aSI6IjEwOTc3MTU0Y2ZhYTA4MjBiYmUxNjBiMjgwN2MzMzA3ODRhNDlkOTFkYjhiOTBmYjM1MTE2MTM0YzhhNTJmODA2OWEwZDc4YzlmNGIxNGE4In0.eyJhdWQiOiJjOTYwMmU2Ni1mMzhhLTQyNTEtOWQ3MS1jYTI5YTllOTg1Y2IiLCJqdGkiOiIxMDk3NzE1NGNmYWEwODIwYmJlMTYwYjI4MDdjMzMwNzg0YTQ5ZDkxZGI4YjkwZmIzNTExNjEzNGM4YTUyZjgwNjlhMGQ3OGM5ZjRiMTRhOCIsImlhdCI6MTY4ODA1MDIwNywibmJmIjoxNjg4MDUwMjA3LCJleHAiOjE2ODgxMzY2MDcsInN1YiI6IjkyMzA3MzQiLCJncmFudF90eXBlIjoiIiwiYWNjb3VudF9pZCI6MzA4NTYzMTAsImJhc2VfZG9tYWluIjoiYW1vY3JtLnJ1IiwidmVyc2lvbiI6InYxIiwic2NvcGVzIjpbInB1c2hfbm90aWZpY2F0aW9ucyIsImZpbGVzIiwiY3JtIiwiZmlsZXNfZGVsZXRlIiwibm90aWZpY2F0aW9ucyJdfQ.NO9LsdiKgVsYD58xcKqWl6MO6SOVVVmEvNxeZfYRgo5wyJMPIUoYMzIIDWRDQiVtmw1S7C1vjVgUQN_Y8gNQfVJOzVvuzWpntJKjvqiOWLIQxwQZhTvXSFJTMWFxNuoOeDpzRZOoe9YPjxb67nWWr07N2QflERLFrlGMoHgtrEuVHoh2GoG5jxaZgyc40xB9qYw3l6q7oiYPmV05iXrTYY4fLDqvqg3aFExv8ON0x91wWUe-qQBlwq3v1cBpX0y4MLZWNfchp_TeS7QnFvUGprZrsIcqE22U1FvhbPgl-qoOIlOBqFjJjy4PbNaFCA2LxOGWp_DAUbTmX_7RPhxZ1A',
  'refresh_token' => 'def50200fe3a82488656c010a244a3200821e4190f83612dd6a3ed1062e7503336caed5b9049c9eb93976bd1ae4195e71e5dbe8153303c222ff2dae2a35df6831ba9bede1f9d6359edd888f9c0a2852fe8062e260b2291981614fd5d1525716f7a11e076f5e714beca5838fc0664308a8fac558f376d576246debd0cd525b032da7e4b048e5509fd5cd8bd34a86b51b6acde3ab1cec56ded2b344b4cf8953325124eb43cc60acfa172e9a08e1c58a828a9060efee21ed77f1707a957f585019da0263a4418860addda02c27115bec052873a3726937e7e34a9a8b7f1c4cffd577c591a1c9dd9db9933a794c75dfe3f4652b2b64c58805b94da9357baf144c4cfbff208fa9177937b012c32ddb95b2033bd88f9f4785c0eccafb2ddf2a440d0cc8e45688f48bc8a90e42fb9f9a24e05e381643f8be644cfefb7609cb1d45b8a6a6df2a49c9aa514e2f37d992d559de94d9a25e70643ec3046ed56aea204e544481ba603fbf622176da6d31683ca9ffd5fc8ac2f60f9d5cef4ce5eb22af4492fa63d931b7e0ede2bd17b82a13bcea13ce4d53c311b3b74398939e67af50591226f7e6edeb04e81da72c0caf0602047c2970afb1b9b90a6c354d845ff479b8459190f75382a1f8654254098d8c0a1ef331cfc1e92dd31e09f7fdcbdd28daeb3e3231fcaa8e7ceb201e804dbcf1a3bf7d5c9',
  'token_type' => 'Bearer',
  'expires_in' => 86400,
  'expires_ts' => 1688136608,
  'expires_time' => '30.06.2023 17:50',
)
[29.06.2023 17:50:08] Is token expired
[29.06.2023 17:50:08] SendData going
[29.06.2023 17:50:08] SendData post: 
[29.06.2023 17:50:08] array (
  0 => 
  array (
    'responsible_user_id' => 9230734,
    'created_by' => 9230734,
    'pipeline_id' => 6439062,
    'status_id' => 55025766,
    'name' => 'Test',
    'price' => 0,
    '_embedded' => 
    array (
      'metadata' => 
      array (
        'category' => 'forms',
        'form_sent_at' => 1688050208,
        'ip' => '5.59.98.19',
        'referer' => 'https://proudly.ru/',
        'form_id' => '3',
        'form_name' => 'Расскажите о задаче',
        'form_page' => 'Главая страница',
      ),
      'contacts' => 
      array (
        0 => 
        array (
          'first_name' => 'Test',
          'custom_fields_values' => 
          array (
            0 => 
            array (
              'field_code' => 'PHONE',
              'values' => 
              array (
                0 => 
                array (
                  'enum_code' => 'WORK',
                  'value' => '+7 (123) 123-23-12',
                ),
              ),
            ),
          ),
        ),
      ),
    ),
  ),
)
[29.06.2023 17:50:09] Http status: 
[29.06.2023 17:50:09] 200
[29.06.2023 17:50:09] SendData out: 
[29.06.2023 17:50:09] '[{"id":12213573,"contact_id":16317381,"company_id":null,"request_id":["0"],"merged":false}]'
[29.06.2023 18:12:55] ReadyToWork
[29.06.2023 18:12:55] Is tokenData exists: 
[29.06.2023 18:12:55] array (
  'access_token' => 'eyJ0eXAiOiJKV1QiLCJhbGciOiJSUzI1NiIsImp0aSI6IjEwOTc3MTU0Y2ZhYTA4MjBiYmUxNjBiMjgwN2MzMzA3ODRhNDlkOTFkYjhiOTBmYjM1MTE2MTM0YzhhNTJmODA2OWEwZDc4YzlmNGIxNGE4In0.eyJhdWQiOiJjOTYwMmU2Ni1mMzhhLTQyNTEtOWQ3MS1jYTI5YTllOTg1Y2IiLCJqdGkiOiIxMDk3NzE1NGNmYWEwODIwYmJlMTYwYjI4MDdjMzMwNzg0YTQ5ZDkxZGI4YjkwZmIzNTExNjEzNGM4YTUyZjgwNjlhMGQ3OGM5ZjRiMTRhOCIsImlhdCI6MTY4ODA1MDIwNywibmJmIjoxNjg4MDUwMjA3LCJleHAiOjE2ODgxMzY2MDcsInN1YiI6IjkyMzA3MzQiLCJncmFudF90eXBlIjoiIiwiYWNjb3VudF9pZCI6MzA4NTYzMTAsImJhc2VfZG9tYWluIjoiYW1vY3JtLnJ1IiwidmVyc2lvbiI6InYxIiwic2NvcGVzIjpbInB1c2hfbm90aWZpY2F0aW9ucyIsImZpbGVzIiwiY3JtIiwiZmlsZXNfZGVsZXRlIiwibm90aWZpY2F0aW9ucyJdfQ.NO9LsdiKgVsYD58xcKqWl6MO6SOVVVmEvNxeZfYRgo5wyJMPIUoYMzIIDWRDQiVtmw1S7C1vjVgUQN_Y8gNQfVJOzVvuzWpntJKjvqiOWLIQxwQZhTvXSFJTMWFxNuoOeDpzRZOoe9YPjxb67nWWr07N2QflERLFrlGMoHgtrEuVHoh2GoG5jxaZgyc40xB9qYw3l6q7oiYPmV05iXrTYY4fLDqvqg3aFExv8ON0x91wWUe-qQBlwq3v1cBpX0y4MLZWNfchp_TeS7QnFvUGprZrsIcqE22U1FvhbPgl-qoOIlOBqFjJjy4PbNaFCA2LxOGWp_DAUbTmX_7RPhxZ1A',
  'refresh_token' => 'def50200fe3a82488656c010a244a3200821e4190f83612dd6a3ed1062e7503336caed5b9049c9eb93976bd1ae4195e71e5dbe8153303c222ff2dae2a35df6831ba9bede1f9d6359edd888f9c0a2852fe8062e260b2291981614fd5d1525716f7a11e076f5e714beca5838fc0664308a8fac558f376d576246debd0cd525b032da7e4b048e5509fd5cd8bd34a86b51b6acde3ab1cec56ded2b344b4cf8953325124eb43cc60acfa172e9a08e1c58a828a9060efee21ed77f1707a957f585019da0263a4418860addda02c27115bec052873a3726937e7e34a9a8b7f1c4cffd577c591a1c9dd9db9933a794c75dfe3f4652b2b64c58805b94da9357baf144c4cfbff208fa9177937b012c32ddb95b2033bd88f9f4785c0eccafb2ddf2a440d0cc8e45688f48bc8a90e42fb9f9a24e05e381643f8be644cfefb7609cb1d45b8a6a6df2a49c9aa514e2f37d992d559de94d9a25e70643ec3046ed56aea204e544481ba603fbf622176da6d31683ca9ffd5fc8ac2f60f9d5cef4ce5eb22af4492fa63d931b7e0ede2bd17b82a13bcea13ce4d53c311b3b74398939e67af50591226f7e6edeb04e81da72c0caf0602047c2970afb1b9b90a6c354d845ff479b8459190f75382a1f8654254098d8c0a1ef331cfc1e92dd31e09f7fdcbdd28daeb3e3231fcaa8e7ceb201e804dbcf1a3bf7d5c9',
  'token_type' => 'Bearer',
  'expires_in' => 86400,
  'expires_ts' => 1688136608,
  'expires_time' => '30.06.2023 17:50',
)
[29.06.2023 18:12:55] Is token expired
[29.06.2023 18:12:55] SendData going
[29.06.2023 18:12:55] SendData post: 
[29.06.2023 18:12:55] array (
  0 => 
  array (
    'responsible_user_id' => 9230734,
    'created_by' => 9230734,
    'pipeline_id' => 6439062,
    'status_id' => 55025766,
    'name' => 'Test',
    'price' => 0,
    '_embedded' => 
    array (
      'metadata' => 
      array (
        'category' => 'forms',
        'form_sent_at' => 1688051575,
        'ip' => '5.59.98.19',
        'referer' => 'https://proudly.ru/',
        'form_id' => '3',
        'form_name' => 'Расскажите о задаче',
        'form_page' => 'Главая страница',
      ),
      'contacts' => 
      array (
        0 => 
        array (
          'first_name' => 'Test',
          'custom_fields_values' => 
          array (
            0 => 
            array (
              'field_code' => 'PHONE',
              'values' => 
              array (
                0 => 
                array (
                  'enum_code' => 'WORK',
                  'value' => '+7 (123) 123-12-31',
                ),
              ),
            ),
          ),
        ),
      ),
    ),
  ),
)
[29.06.2023 18:12:55] Http status: 
[29.06.2023 18:12:55] 200
[29.06.2023 18:12:55] SendData out: 
[29.06.2023 18:12:55] '[{"id":12215739,"contact_id":16319423,"company_id":null,"request_id":["0"],"merged":false}]'
[29.06.2023 18:16:27] ReadyToWork
[29.06.2023 18:16:27] Is tokenData exists: 
[29.06.2023 18:16:27] array (
  'access_token' => 'eyJ0eXAiOiJKV1QiLCJhbGciOiJSUzI1NiIsImp0aSI6IjEwOTc3MTU0Y2ZhYTA4MjBiYmUxNjBiMjgwN2MzMzA3ODRhNDlkOTFkYjhiOTBmYjM1MTE2MTM0YzhhNTJmODA2OWEwZDc4YzlmNGIxNGE4In0.eyJhdWQiOiJjOTYwMmU2Ni1mMzhhLTQyNTEtOWQ3MS1jYTI5YTllOTg1Y2IiLCJqdGkiOiIxMDk3NzE1NGNmYWEwODIwYmJlMTYwYjI4MDdjMzMwNzg0YTQ5ZDkxZGI4YjkwZmIzNTExNjEzNGM4YTUyZjgwNjlhMGQ3OGM5ZjRiMTRhOCIsImlhdCI6MTY4ODA1MDIwNywibmJmIjoxNjg4MDUwMjA3LCJleHAiOjE2ODgxMzY2MDcsInN1YiI6IjkyMzA3MzQiLCJncmFudF90eXBlIjoiIiwiYWNjb3VudF9pZCI6MzA4NTYzMTAsImJhc2VfZG9tYWluIjoiYW1vY3JtLnJ1IiwidmVyc2lvbiI6InYxIiwic2NvcGVzIjpbInB1c2hfbm90aWZpY2F0aW9ucyIsImZpbGVzIiwiY3JtIiwiZmlsZXNfZGVsZXRlIiwibm90aWZpY2F0aW9ucyJdfQ.NO9LsdiKgVsYD58xcKqWl6MO6SOVVVmEvNxeZfYRgo5wyJMPIUoYMzIIDWRDQiVtmw1S7C1vjVgUQN_Y8gNQfVJOzVvuzWpntJKjvqiOWLIQxwQZhTvXSFJTMWFxNuoOeDpzRZOoe9YPjxb67nWWr07N2QflERLFrlGMoHgtrEuVHoh2GoG5jxaZgyc40xB9qYw3l6q7oiYPmV05iXrTYY4fLDqvqg3aFExv8ON0x91wWUe-qQBlwq3v1cBpX0y4MLZWNfchp_TeS7QnFvUGprZrsIcqE22U1FvhbPgl-qoOIlOBqFjJjy4PbNaFCA2LxOGWp_DAUbTmX_7RPhxZ1A',
  'refresh_token' => 'def50200fe3a82488656c010a244a3200821e4190f83612dd6a3ed1062e7503336caed5b9049c9eb93976bd1ae4195e71e5dbe8153303c222ff2dae2a35df6831ba9bede1f9d6359edd888f9c0a2852fe8062e260b2291981614fd5d1525716f7a11e076f5e714beca5838fc0664308a8fac558f376d576246debd0cd525b032da7e4b048e5509fd5cd8bd34a86b51b6acde3ab1cec56ded2b344b4cf8953325124eb43cc60acfa172e9a08e1c58a828a9060efee21ed77f1707a957f585019da0263a4418860addda02c27115bec052873a3726937e7e34a9a8b7f1c4cffd577c591a1c9dd9db9933a794c75dfe3f4652b2b64c58805b94da9357baf144c4cfbff208fa9177937b012c32ddb95b2033bd88f9f4785c0eccafb2ddf2a440d0cc8e45688f48bc8a90e42fb9f9a24e05e381643f8be644cfefb7609cb1d45b8a6a6df2a49c9aa514e2f37d992d559de94d9a25e70643ec3046ed56aea204e544481ba603fbf622176da6d31683ca9ffd5fc8ac2f60f9d5cef4ce5eb22af4492fa63d931b7e0ede2bd17b82a13bcea13ce4d53c311b3b74398939e67af50591226f7e6edeb04e81da72c0caf0602047c2970afb1b9b90a6c354d845ff479b8459190f75382a1f8654254098d8c0a1ef331cfc1e92dd31e09f7fdcbdd28daeb3e3231fcaa8e7ceb201e804dbcf1a3bf7d5c9',
  'token_type' => 'Bearer',
  'expires_in' => 86400,
  'expires_ts' => 1688136608,
  'expires_time' => '30.06.2023 17:50',
)
[29.06.2023 18:16:27] Is token expired
[29.06.2023 18:16:27] SendData going
[29.06.2023 18:16:27] SendData post: 
[29.06.2023 18:16:27] array (
  0 => 
  array (
    'responsible_user_id' => 9230734,
    'created_by' => 9230734,
    'pipeline_id' => 6439062,
    'status_id' => 55025766,
    'name' => 'Test',
    'price' => 0,
    '_embedded' => 
    array (
      'metadata' => 
      array (
        'category' => 'forms',
        'form_sent_at' => 1688051787,
        'ip' => '5.59.98.19',
        'referer' => 'https://proudly.ru/',
        'form_id' => '3',
        'form_name' => 'Расскажите о задаче',
        'form_page' => 'Главая страница',
      ),
      'contacts' => 
      array (
        0 => 
        array (
          'first_name' => 'Test',
          'custom_fields_values' => 
          array (
            0 => 
            array (
              'field_code' => 'PHONE',
              'values' => 
              array (
                0 => 
                array (
                  'enum_code' => 'WORK',
                  'value' => '+7 (123) 123-12-31',
                ),
              ),
            ),
            1 => 
            array (
              'field_id' => 1018487,
              'values' => 
              array (
                0 => 
                array (
                  'enum_code' => 'WORK',
                  'value' => 'test asdsadasd',
                ),
              ),
            ),
          ),
        ),
      ),
    ),
  ),
)
[29.06.2023 18:16:27] Error 400: 
[29.06.2023 18:16:27] 'Undefined error'
[29.06.2023 18:16:27] SendData out: 
[29.06.2023 18:16:27] '{"validation-errors":[{"request_id":"0","errors":[{"code":"FieldNotExpected","path":"_embedded.contacts.0.custom_fields_values.1.values.0.enum_code","detail":"This field was not expected."}]}],"title":"Bad Request","type":"https://httpstatus.es/400","status":400,"detail":"Request validation failed"}'
[29.06.2023 18:23:04] ReadyToWork
[29.06.2023 18:23:04] Is tokenData exists: 
[29.06.2023 18:23:04] array (
  'access_token' => 'eyJ0eXAiOiJKV1QiLCJhbGciOiJSUzI1NiIsImp0aSI6IjEwOTc3MTU0Y2ZhYTA4MjBiYmUxNjBiMjgwN2MzMzA3ODRhNDlkOTFkYjhiOTBmYjM1MTE2MTM0YzhhNTJmODA2OWEwZDc4YzlmNGIxNGE4In0.eyJhdWQiOiJjOTYwMmU2Ni1mMzhhLTQyNTEtOWQ3MS1jYTI5YTllOTg1Y2IiLCJqdGkiOiIxMDk3NzE1NGNmYWEwODIwYmJlMTYwYjI4MDdjMzMwNzg0YTQ5ZDkxZGI4YjkwZmIzNTExNjEzNGM4YTUyZjgwNjlhMGQ3OGM5ZjRiMTRhOCIsImlhdCI6MTY4ODA1MDIwNywibmJmIjoxNjg4MDUwMjA3LCJleHAiOjE2ODgxMzY2MDcsInN1YiI6IjkyMzA3MzQiLCJncmFudF90eXBlIjoiIiwiYWNjb3VudF9pZCI6MzA4NTYzMTAsImJhc2VfZG9tYWluIjoiYW1vY3JtLnJ1IiwidmVyc2lvbiI6InYxIiwic2NvcGVzIjpbInB1c2hfbm90aWZpY2F0aW9ucyIsImZpbGVzIiwiY3JtIiwiZmlsZXNfZGVsZXRlIiwibm90aWZpY2F0aW9ucyJdfQ.NO9LsdiKgVsYD58xcKqWl6MO6SOVVVmEvNxeZfYRgo5wyJMPIUoYMzIIDWRDQiVtmw1S7C1vjVgUQN_Y8gNQfVJOzVvuzWpntJKjvqiOWLIQxwQZhTvXSFJTMWFxNuoOeDpzRZOoe9YPjxb67nWWr07N2QflERLFrlGMoHgtrEuVHoh2GoG5jxaZgyc40xB9qYw3l6q7oiYPmV05iXrTYY4fLDqvqg3aFExv8ON0x91wWUe-qQBlwq3v1cBpX0y4MLZWNfchp_TeS7QnFvUGprZrsIcqE22U1FvhbPgl-qoOIlOBqFjJjy4PbNaFCA2LxOGWp_DAUbTmX_7RPhxZ1A',
  'refresh_token' => 'def50200fe3a82488656c010a244a3200821e4190f83612dd6a3ed1062e7503336caed5b9049c9eb93976bd1ae4195e71e5dbe8153303c222ff2dae2a35df6831ba9bede1f9d6359edd888f9c0a2852fe8062e260b2291981614fd5d1525716f7a11e076f5e714beca5838fc0664308a8fac558f376d576246debd0cd525b032da7e4b048e5509fd5cd8bd34a86b51b6acde3ab1cec56ded2b344b4cf8953325124eb43cc60acfa172e9a08e1c58a828a9060efee21ed77f1707a957f585019da0263a4418860addda02c27115bec052873a3726937e7e34a9a8b7f1c4cffd577c591a1c9dd9db9933a794c75dfe3f4652b2b64c58805b94da9357baf144c4cfbff208fa9177937b012c32ddb95b2033bd88f9f4785c0eccafb2ddf2a440d0cc8e45688f48bc8a90e42fb9f9a24e05e381643f8be644cfefb7609cb1d45b8a6a6df2a49c9aa514e2f37d992d559de94d9a25e70643ec3046ed56aea204e544481ba603fbf622176da6d31683ca9ffd5fc8ac2f60f9d5cef4ce5eb22af4492fa63d931b7e0ede2bd17b82a13bcea13ce4d53c311b3b74398939e67af50591226f7e6edeb04e81da72c0caf0602047c2970afb1b9b90a6c354d845ff479b8459190f75382a1f8654254098d8c0a1ef331cfc1e92dd31e09f7fdcbdd28daeb3e3231fcaa8e7ceb201e804dbcf1a3bf7d5c9',
  'token_type' => 'Bearer',
  'expires_in' => 86400,
  'expires_ts' => 1688136608,
  'expires_time' => '30.06.2023 17:50',
)
[29.06.2023 18:23:04] Is token expired
[29.06.2023 18:23:04] SendData going
[29.06.2023 18:23:04] SendData post: 
[29.06.2023 18:23:04] array (
  0 => 
  array (
    'responsible_user_id' => 9230734,
    'created_by' => 9230734,
    'pipeline_id' => 6439062,
    'status_id' => 55025766,
    'name' => 'Test',
    'price' => 0,
    '_embedded' => 
    array (
      'metadata' => 
      array (
        'category' => 'forms',
        'form_sent_at' => 1688052184,
        'ip' => '5.59.98.19',
        'referer' => 'https://proudly.ru/',
        'form_id' => '3',
        'form_name' => 'Расскажите о задаче',
        'form_page' => 'Главая страница',
      ),
      'contacts' => 
      array (
        0 => 
        array (
          'first_name' => 'Test',
          'custom_fields_values' => 
          array (
            0 => 
            array (
              'field_code' => 'PHONE',
              'values' => 
              array (
                0 => 
                array (
                  'enum_code' => 'WORK',
                  'value' => '+7 (123) 123-12-31',
                ),
              ),
            ),
            1 => 
            array (
              'field_id' => 1018487,
              'values' => 
              array (
                0 => 
                array (
                  'enum_code' => 'WORK',
                  'value' => 'test',
                ),
              ),
            ),
          ),
        ),
      ),
    ),
  ),
)
[29.06.2023 18:23:05] Error 400: 
[29.06.2023 18:23:05] 'Undefined error'
[29.06.2023 18:23:05] SendData out: 
[29.06.2023 18:23:05] '{"validation-errors":[{"request_id":"0","errors":[{"code":"FieldNotExpected","path":"_embedded.contacts.0.custom_fields_values.1.values.0.enum_code","detail":"This field was not expected."}]}],"title":"Bad Request","type":"https://httpstatus.es/400","status":400,"detail":"Request validation failed"}'
[29.06.2023 18:38:09] ReadyToWork
[29.06.2023 18:38:09] Is tokenData exists: 
[29.06.2023 18:38:09] array (
  'access_token' => 'eyJ0eXAiOiJKV1QiLCJhbGciOiJSUzI1NiIsImp0aSI6IjEwOTc3MTU0Y2ZhYTA4MjBiYmUxNjBiMjgwN2MzMzA3ODRhNDlkOTFkYjhiOTBmYjM1MTE2MTM0YzhhNTJmODA2OWEwZDc4YzlmNGIxNGE4In0.eyJhdWQiOiJjOTYwMmU2Ni1mMzhhLTQyNTEtOWQ3MS1jYTI5YTllOTg1Y2IiLCJqdGkiOiIxMDk3NzE1NGNmYWEwODIwYmJlMTYwYjI4MDdjMzMwNzg0YTQ5ZDkxZGI4YjkwZmIzNTExNjEzNGM4YTUyZjgwNjlhMGQ3OGM5ZjRiMTRhOCIsImlhdCI6MTY4ODA1MDIwNywibmJmIjoxNjg4MDUwMjA3LCJleHAiOjE2ODgxMzY2MDcsInN1YiI6IjkyMzA3MzQiLCJncmFudF90eXBlIjoiIiwiYWNjb3VudF9pZCI6MzA4NTYzMTAsImJhc2VfZG9tYWluIjoiYW1vY3JtLnJ1IiwidmVyc2lvbiI6InYxIiwic2NvcGVzIjpbInB1c2hfbm90aWZpY2F0aW9ucyIsImZpbGVzIiwiY3JtIiwiZmlsZXNfZGVsZXRlIiwibm90aWZpY2F0aW9ucyJdfQ.NO9LsdiKgVsYD58xcKqWl6MO6SOVVVmEvNxeZfYRgo5wyJMPIUoYMzIIDWRDQiVtmw1S7C1vjVgUQN_Y8gNQfVJOzVvuzWpntJKjvqiOWLIQxwQZhTvXSFJTMWFxNuoOeDpzRZOoe9YPjxb67nWWr07N2QflERLFrlGMoHgtrEuVHoh2GoG5jxaZgyc40xB9qYw3l6q7oiYPmV05iXrTYY4fLDqvqg3aFExv8ON0x91wWUe-qQBlwq3v1cBpX0y4MLZWNfchp_TeS7QnFvUGprZrsIcqE22U1FvhbPgl-qoOIlOBqFjJjy4PbNaFCA2LxOGWp_DAUbTmX_7RPhxZ1A',
  'refresh_token' => 'def50200fe3a82488656c010a244a3200821e4190f83612dd6a3ed1062e7503336caed5b9049c9eb93976bd1ae4195e71e5dbe8153303c222ff2dae2a35df6831ba9bede1f9d6359edd888f9c0a2852fe8062e260b2291981614fd5d1525716f7a11e076f5e714beca5838fc0664308a8fac558f376d576246debd0cd525b032da7e4b048e5509fd5cd8bd34a86b51b6acde3ab1cec56ded2b344b4cf8953325124eb43cc60acfa172e9a08e1c58a828a9060efee21ed77f1707a957f585019da0263a4418860addda02c27115bec052873a3726937e7e34a9a8b7f1c4cffd577c591a1c9dd9db9933a794c75dfe3f4652b2b64c58805b94da9357baf144c4cfbff208fa9177937b012c32ddb95b2033bd88f9f4785c0eccafb2ddf2a440d0cc8e45688f48bc8a90e42fb9f9a24e05e381643f8be644cfefb7609cb1d45b8a6a6df2a49c9aa514e2f37d992d559de94d9a25e70643ec3046ed56aea204e544481ba603fbf622176da6d31683ca9ffd5fc8ac2f60f9d5cef4ce5eb22af4492fa63d931b7e0ede2bd17b82a13bcea13ce4d53c311b3b74398939e67af50591226f7e6edeb04e81da72c0caf0602047c2970afb1b9b90a6c354d845ff479b8459190f75382a1f8654254098d8c0a1ef331cfc1e92dd31e09f7fdcbdd28daeb3e3231fcaa8e7ceb201e804dbcf1a3bf7d5c9',
  'token_type' => 'Bearer',
  'expires_in' => 86400,
  'expires_ts' => 1688136608,
  'expires_time' => '30.06.2023 17:50',
)
[29.06.2023 18:38:09] Is token expired
[29.06.2023 18:38:09] SendData going
[29.06.2023 18:38:09] SendData post: 
[29.06.2023 18:38:09] array (
  0 => 
  array (
    'responsible_user_id' => 9230734,
    'created_by' => 9230734,
    'pipeline_id' => 6439062,
    'status_id' => 55025766,
    'name' => 'Test',
    'price' => 0,
    '_embedded' => 
    array (
      'metadata' => 
      array (
        'category' => 'forms',
        'form_sent_at' => 1688053089,
        'ip' => '5.59.98.19',
        'referer' => 'https://proudly.ru/',
        'form_id' => '3',
        'form_name' => 'Расскажите о задаче',
        'form_page' => 'Главая страница',
      ),
      'contacts' => 
      array (
        0 => 
        array (
          'first_name' => 'Test',
          'custom_fields_values' => 
          array (
            0 => 
            array (
              'field_code' => 'PHONE',
              'values' => 
              array (
                0 => 
                array (
                  'enum_code' => 'WORK',
                  'value' => '+7 (123) 123-23-31',
                ),
              ),
            ),
            1 => 
            array (
              'field_id' => 1018487,
              'values' => 
              array (
                0 => 
                array (
                  'value' => 'mssage',
                ),
              ),
            ),
          ),
        ),
      ),
    ),
  ),
)
[29.06.2023 18:38:10] Http status: 
[29.06.2023 18:38:10] 200
[29.06.2023 18:38:10] SendData out: 
[29.06.2023 18:38:10] '[{"id":12218125,"contact_id":16321571,"company_id":null,"request_id":["0"],"merged":false}]'
[22.08.2023 19:14:55] ReadyToWork
[22.08.2023 19:14:55] Is tokenData exists: 
[22.08.2023 19:14:55] array (
  'access_token' => 'eyJ0eXAiOiJKV1QiLCJhbGciOiJSUzI1NiIsImp0aSI6IjEwOTc3MTU0Y2ZhYTA4MjBiYmUxNjBiMjgwN2MzMzA3ODRhNDlkOTFkYjhiOTBmYjM1MTE2MTM0YzhhNTJmODA2OWEwZDc4YzlmNGIxNGE4In0.eyJhdWQiOiJjOTYwMmU2Ni1mMzhhLTQyNTEtOWQ3MS1jYTI5YTllOTg1Y2IiLCJqdGkiOiIxMDk3NzE1NGNmYWEwODIwYmJlMTYwYjI4MDdjMzMwNzg0YTQ5ZDkxZGI4YjkwZmIzNTExNjEzNGM4YTUyZjgwNjlhMGQ3OGM5ZjRiMTRhOCIsImlhdCI6MTY4ODA1MDIwNywibmJmIjoxNjg4MDUwMjA3LCJleHAiOjE2ODgxMzY2MDcsInN1YiI6IjkyMzA3MzQiLCJncmFudF90eXBlIjoiIiwiYWNjb3VudF9pZCI6MzA4NTYzMTAsImJhc2VfZG9tYWluIjoiYW1vY3JtLnJ1IiwidmVyc2lvbiI6InYxIiwic2NvcGVzIjpbInB1c2hfbm90aWZpY2F0aW9ucyIsImZpbGVzIiwiY3JtIiwiZmlsZXNfZGVsZXRlIiwibm90aWZpY2F0aW9ucyJdfQ.NO9LsdiKgVsYD58xcKqWl6MO6SOVVVmEvNxeZfYRgo5wyJMPIUoYMzIIDWRDQiVtmw1S7C1vjVgUQN_Y8gNQfVJOzVvuzWpntJKjvqiOWLIQxwQZhTvXSFJTMWFxNuoOeDpzRZOoe9YPjxb67nWWr07N2QflERLFrlGMoHgtrEuVHoh2GoG5jxaZgyc40xB9qYw3l6q7oiYPmV05iXrTYY4fLDqvqg3aFExv8ON0x91wWUe-qQBlwq3v1cBpX0y4MLZWNfchp_TeS7QnFvUGprZrsIcqE22U1FvhbPgl-qoOIlOBqFjJjy4PbNaFCA2LxOGWp_DAUbTmX_7RPhxZ1A',
  'refresh_token' => 'def50200fe3a82488656c010a244a3200821e4190f83612dd6a3ed1062e7503336caed5b9049c9eb93976bd1ae4195e71e5dbe8153303c222ff2dae2a35df6831ba9bede1f9d6359edd888f9c0a2852fe8062e260b2291981614fd5d1525716f7a11e076f5e714beca5838fc0664308a8fac558f376d576246debd0cd525b032da7e4b048e5509fd5cd8bd34a86b51b6acde3ab1cec56ded2b344b4cf8953325124eb43cc60acfa172e9a08e1c58a828a9060efee21ed77f1707a957f585019da0263a4418860addda02c27115bec052873a3726937e7e34a9a8b7f1c4cffd577c591a1c9dd9db9933a794c75dfe3f4652b2b64c58805b94da9357baf144c4cfbff208fa9177937b012c32ddb95b2033bd88f9f4785c0eccafb2ddf2a440d0cc8e45688f48bc8a90e42fb9f9a24e05e381643f8be644cfefb7609cb1d45b8a6a6df2a49c9aa514e2f37d992d559de94d9a25e70643ec3046ed56aea204e544481ba603fbf622176da6d31683ca9ffd5fc8ac2f60f9d5cef4ce5eb22af4492fa63d931b7e0ede2bd17b82a13bcea13ce4d53c311b3b74398939e67af50591226f7e6edeb04e81da72c0caf0602047c2970afb1b9b90a6c354d845ff479b8459190f75382a1f8654254098d8c0a1ef331cfc1e92dd31e09f7fdcbdd28daeb3e3231fcaa8e7ceb201e804dbcf1a3bf7d5c9',
  'token_type' => 'Bearer',
  'expires_in' => 86400,
  'expires_ts' => 1688136608,
  'expires_time' => '30.06.2023 17:50',
)
[22.08.2023 19:14:55] Is token expired: 
[22.08.2023 19:14:55] true
[22.08.2023 19:14:55] Refresh going
[22.08.2023 19:14:56] Http status: 
[22.08.2023 19:14:56] 200
[22.08.2023 19:14:56] Refresh: 
[22.08.2023 19:14:56] '{"token_type":"Bearer","expires_in":86400,"access_token":"eyJ0eXAiOiJKV1QiLCJhbGciOiJSUzI1NiIsImp0aSI6ImI3MDRjNTEyOTBiNTc4M2ViYWQ0YWYyYTk4YTZkOTQ2YmYzZjYzMmEwNTI1YmRiYzhhNjk0YjU4NGM2MGUyOTA1MjczYWQzNmY4MDg5Mzc4In0.eyJhdWQiOiJjOTYwMmU2Ni1mMzhhLTQyNTEtOWQ3MS1jYTI5YTllOTg1Y2IiLCJqdGkiOiJiNzA0YzUxMjkwYjU3ODNlYmFkNGFmMmE5OGE2ZDk0NmJmM2Y2MzJhMDUyNWJkYmM4YTY5NGI1ODRjNjBlMjkwNTI3M2FkMzZmODA4OTM3OCIsImlhdCI6MTY5MjcyMDg5NiwibmJmIjoxNjkyNzIwODk2LCJleHAiOjE2OTI4MDcyOTYsInN1YiI6IjkyMzA3MzQiLCJncmFudF90eXBlIjoiIiwiYWNjb3VudF9pZCI6MzA4NTYzMTAsImJhc2VfZG9tYWluIjoiYW1vY3JtLnJ1IiwidmVyc2lvbiI6InYxIiwic2NvcGVzIjpbInB1c2hfbm90aWZpY2F0aW9ucyIsImZpbGVzIiwiY3JtIiwiZmlsZXNfZGVsZXRlIiwibm90aWZpY2F0aW9ucyJdfQ.l0u74EnkyZfsEHAAU7SW8OqaMcBzd3m_DYL9AAFSamoEscyfyikCvYaqnlZF0DHmx4_2lYyG3Xc97hWdSpWtAbQNjtCFFvvzBUdLdeqPCem3wnRrVF8c24Z7lS48_uY3-fPfqBnYDTReb0rKN6PZA9rRDjv0Ltr0Z50lxsfAo4uSlxbQQjT4-TrM4YYagmAZovDDT8OSVhrNzgYcWjt6YEg3iorJn5I1vSeO2-oR9IhyL5ZP57KAsqOuUUs3m2CDVWGcyvZ1MilvMjuHOlftMQNasHQ3j6lzFDKvePzZOdL79q67BpEQtnjrNn-5oGJ1zTdu-9UebXx3D2XIUOmMdw","refresh_token":"def5020061fd26bcabbbb87a106105e674fb4542c5c40a7caf6fa7faa41f8e310a0e6f0dcd898d0e7bdc055e87f9c9759eba3a8f7b7715bdc08e029aa3629fd1402f06470d2dd75c70bab5a75e3af540f061e60955362b38a50cac0f337c2acf7bcc01a30b2e03dd260bde4f1c13b1a4f2ae1eb39b3067dd05aeb02124ded4d784cbb0b91050f2703f49b08a880515b2d54719d917aa21af50bb247b63355e3bc499b221ba341ff44030a9cf80442d7bace5a09c192726ec425d87f98475b37c23d449a8557d8c3ab9e8caf30e1914bfae6a9dbfbe8c122e62f80ecf2ac8ae09d45e9a7cbb3be8f2171794760d6d5f6371cc27c36b7814f011d718cba0537373411f16c3635b90612931086918e20dd54d1d859fca03e67220c189193bb43611de42feface756bd1a03d3dcb9872291381b8b1a18b95dbb8e497c47d7d77a51b2592e699906d02f7d5380f3c24b2c4cdc9ce7daca297eace23f1dbc34fea3ff39c188761d93f739080dbec8790761c9a5ec18c6cb25336bbb391437a9e0392423ceb623526618ffcf35bc332d2d37450be3e079f2a8ef302ac23be6376d96f20584ed47cadc41255edf015fd70c252aac7a3dc5a10cd42f448f99acb49de1f74c42869c9f710a7878479f1e997f469bd71635329f42b323066f30f99986f0e62a25762763061b906bb6f0729661a6faa"}'
[22.08.2023 19:14:56] ReadyToWork
[22.08.2023 19:14:56] Is tokenData exists: 
[22.08.2023 19:14:56] array (
  'access_token' => 'eyJ0eXAiOiJKV1QiLCJhbGciOiJSUzI1NiIsImp0aSI6ImI3MDRjNTEyOTBiNTc4M2ViYWQ0YWYyYTk4YTZkOTQ2YmYzZjYzMmEwNTI1YmRiYzhhNjk0YjU4NGM2MGUyOTA1MjczYWQzNmY4MDg5Mzc4In0.eyJhdWQiOiJjOTYwMmU2Ni1mMzhhLTQyNTEtOWQ3MS1jYTI5YTllOTg1Y2IiLCJqdGkiOiJiNzA0YzUxMjkwYjU3ODNlYmFkNGFmMmE5OGE2ZDk0NmJmM2Y2MzJhMDUyNWJkYmM4YTY5NGI1ODRjNjBlMjkwNTI3M2FkMzZmODA4OTM3OCIsImlhdCI6MTY5MjcyMDg5NiwibmJmIjoxNjkyNzIwODk2LCJleHAiOjE2OTI4MDcyOTYsInN1YiI6IjkyMzA3MzQiLCJncmFudF90eXBlIjoiIiwiYWNjb3VudF9pZCI6MzA4NTYzMTAsImJhc2VfZG9tYWluIjoiYW1vY3JtLnJ1IiwidmVyc2lvbiI6InYxIiwic2NvcGVzIjpbInB1c2hfbm90aWZpY2F0aW9ucyIsImZpbGVzIiwiY3JtIiwiZmlsZXNfZGVsZXRlIiwibm90aWZpY2F0aW9ucyJdfQ.l0u74EnkyZfsEHAAU7SW8OqaMcBzd3m_DYL9AAFSamoEscyfyikCvYaqnlZF0DHmx4_2lYyG3Xc97hWdSpWtAbQNjtCFFvvzBUdLdeqPCem3wnRrVF8c24Z7lS48_uY3-fPfqBnYDTReb0rKN6PZA9rRDjv0Ltr0Z50lxsfAo4uSlxbQQjT4-TrM4YYagmAZovDDT8OSVhrNzgYcWjt6YEg3iorJn5I1vSeO2-oR9IhyL5ZP57KAsqOuUUs3m2CDVWGcyvZ1MilvMjuHOlftMQNasHQ3j6lzFDKvePzZOdL79q67BpEQtnjrNn-5oGJ1zTdu-9UebXx3D2XIUOmMdw',
  'refresh_token' => 'def5020061fd26bcabbbb87a106105e674fb4542c5c40a7caf6fa7faa41f8e310a0e6f0dcd898d0e7bdc055e87f9c9759eba3a8f7b7715bdc08e029aa3629fd1402f06470d2dd75c70bab5a75e3af540f061e60955362b38a50cac0f337c2acf7bcc01a30b2e03dd260bde4f1c13b1a4f2ae1eb39b3067dd05aeb02124ded4d784cbb0b91050f2703f49b08a880515b2d54719d917aa21af50bb247b63355e3bc499b221ba341ff44030a9cf80442d7bace5a09c192726ec425d87f98475b37c23d449a8557d8c3ab9e8caf30e1914bfae6a9dbfbe8c122e62f80ecf2ac8ae09d45e9a7cbb3be8f2171794760d6d5f6371cc27c36b7814f011d718cba0537373411f16c3635b90612931086918e20dd54d1d859fca03e67220c189193bb43611de42feface756bd1a03d3dcb9872291381b8b1a18b95dbb8e497c47d7d77a51b2592e699906d02f7d5380f3c24b2c4cdc9ce7daca297eace23f1dbc34fea3ff39c188761d93f739080dbec8790761c9a5ec18c6cb25336bbb391437a9e0392423ceb623526618ffcf35bc332d2d37450be3e079f2a8ef302ac23be6376d96f20584ed47cadc41255edf015fd70c252aac7a3dc5a10cd42f448f99acb49de1f74c42869c9f710a7878479f1e997f469bd71635329f42b323066f30f99986f0e62a25762763061b906bb6f0729661a6faa',
  'token_type' => 'Bearer',
  'expires_in' => 86400,
  'expires_ts' => 1692807296,
  'expires_time' => '23.08.2023 19:14',
)
[22.08.2023 19:14:56] Is token expired
[22.08.2023 19:14:56] SendData going
[22.08.2023 19:14:56] SendData post: 
[22.08.2023 19:14:56] array (
  0 => 
  array (
    'responsible_user_id' => 9230734,
    'created_by' => 9230734,
    'pipeline_id' => 6439062,
    'status_id' => 55025766,
    'name' => 'Оксана',
    'price' => 0,
    '_embedded' => 
    array (
      'metadata' => 
      array (
        'category' => 'forms',
        'form_sent_at' => 1692720896,
        'ip' => '146.120.158.103',
        'referer' => 'https://proudly.ru/',
        'form_id' => '2',
        'form_name' => 'Давайте начнем новый проект вместе!',
        'form_page' => 'Главая страница',
      ),
      'contacts' => 
      array (
        0 => 
        array (
          'first_name' => 'Оксана',
          'custom_fields_values' => 
          array (
            0 => 
            array (
              'field_code' => 'PHONE',
              'values' => 
              array (
                0 => 
                array (
                  'enum_code' => 'WORK',
                  'value' => '+7 (301) 230-03-01',
                ),
              ),
            ),
          ),
        ),
      ),
    ),
  ),
)
[22.08.2023 19:14:56] Error 402: 
[22.08.2023 19:14:56] 'Undefined error'
[22.08.2023 19:14:56] SendData out: 
[22.08.2023 19:14:56] '{"title":"Payment Required","type":"https://httpstatus.es/402","status":402,"detail":"Payment required"}'
[03.11.2023 12:01:03] ReadyToWork
[03.11.2023 12:01:03] Is tokenData exists: 
[03.11.2023 12:01:03] array (
  'access_token' => 'eyJ0eXAiOiJKV1QiLCJhbGciOiJSUzI1NiIsImp0aSI6ImI3MDRjNTEyOTBiNTc4M2ViYWQ0YWYyYTk4YTZkOTQ2YmYzZjYzMmEwNTI1YmRiYzhhNjk0YjU4NGM2MGUyOTA1MjczYWQzNmY4MDg5Mzc4In0.eyJhdWQiOiJjOTYwMmU2Ni1mMzhhLTQyNTEtOWQ3MS1jYTI5YTllOTg1Y2IiLCJqdGkiOiJiNzA0YzUxMjkwYjU3ODNlYmFkNGFmMmE5OGE2ZDk0NmJmM2Y2MzJhMDUyNWJkYmM4YTY5NGI1ODRjNjBlMjkwNTI3M2FkMzZmODA4OTM3OCIsImlhdCI6MTY5MjcyMDg5NiwibmJmIjoxNjkyNzIwODk2LCJleHAiOjE2OTI4MDcyOTYsInN1YiI6IjkyMzA3MzQiLCJncmFudF90eXBlIjoiIiwiYWNjb3VudF9pZCI6MzA4NTYzMTAsImJhc2VfZG9tYWluIjoiYW1vY3JtLnJ1IiwidmVyc2lvbiI6InYxIiwic2NvcGVzIjpbInB1c2hfbm90aWZpY2F0aW9ucyIsImZpbGVzIiwiY3JtIiwiZmlsZXNfZGVsZXRlIiwibm90aWZpY2F0aW9ucyJdfQ.l0u74EnkyZfsEHAAU7SW8OqaMcBzd3m_DYL9AAFSamoEscyfyikCvYaqnlZF0DHmx4_2lYyG3Xc97hWdSpWtAbQNjtCFFvvzBUdLdeqPCem3wnRrVF8c24Z7lS48_uY3-fPfqBnYDTReb0rKN6PZA9rRDjv0Ltr0Z50lxsfAo4uSlxbQQjT4-TrM4YYagmAZovDDT8OSVhrNzgYcWjt6YEg3iorJn5I1vSeO2-oR9IhyL5ZP57KAsqOuUUs3m2CDVWGcyvZ1MilvMjuHOlftMQNasHQ3j6lzFDKvePzZOdL79q67BpEQtnjrNn-5oGJ1zTdu-9UebXx3D2XIUOmMdw',
  'refresh_token' => 'def5020061fd26bcabbbb87a106105e674fb4542c5c40a7caf6fa7faa41f8e310a0e6f0dcd898d0e7bdc055e87f9c9759eba3a8f7b7715bdc08e029aa3629fd1402f06470d2dd75c70bab5a75e3af540f061e60955362b38a50cac0f337c2acf7bcc01a30b2e03dd260bde4f1c13b1a4f2ae1eb39b3067dd05aeb02124ded4d784cbb0b91050f2703f49b08a880515b2d54719d917aa21af50bb247b63355e3bc499b221ba341ff44030a9cf80442d7bace5a09c192726ec425d87f98475b37c23d449a8557d8c3ab9e8caf30e1914bfae6a9dbfbe8c122e62f80ecf2ac8ae09d45e9a7cbb3be8f2171794760d6d5f6371cc27c36b7814f011d718cba0537373411f16c3635b90612931086918e20dd54d1d859fca03e67220c189193bb43611de42feface756bd1a03d3dcb9872291381b8b1a18b95dbb8e497c47d7d77a51b2592e699906d02f7d5380f3c24b2c4cdc9ce7daca297eace23f1dbc34fea3ff39c188761d93f739080dbec8790761c9a5ec18c6cb25336bbb391437a9e0392423ceb623526618ffcf35bc332d2d37450be3e079f2a8ef302ac23be6376d96f20584ed47cadc41255edf015fd70c252aac7a3dc5a10cd42f448f99acb49de1f74c42869c9f710a7878479f1e997f469bd71635329f42b323066f30f99986f0e62a25762763061b906bb6f0729661a6faa',
  'token_type' => 'Bearer',
  'expires_in' => 86400,
  'expires_ts' => 1692807296,
  'expires_time' => '23.08.2023 19:14',
)
[03.11.2023 12:01:03] Is token expired: 
[03.11.2023 12:01:03] true
[03.11.2023 12:01:03] Refresh going
[03.11.2023 12:01:05] Http status: 
[03.11.2023 12:01:05] 200
[03.11.2023 12:01:05] Refresh: 
[03.11.2023 12:01:05] '{"token_type":"Bearer","expires_in":86400,"access_token":"eyJ0eXAiOiJKV1QiLCJhbGciOiJSUzI1NiIsImp0aSI6IjQ0ZWE5YTIwMTlhNzZjNjMwMDFkNzFkYzA5OTE4OTJkMTkyZTU1OGMyYTI1ZTI2ZmIxY2ZmM2MxZmI4NmM4NjExN2ZlNjIzNjMxN2RhNmJjIn0.eyJhdWQiOiJjOTYwMmU2Ni1mMzhhLTQyNTEtOWQ3MS1jYTI5YTllOTg1Y2IiLCJqdGkiOiI0NGVhOWEyMDE5YTc2YzYzMDAxZDcxZGMwOTkxODkyZDE5MmU1NThjMmEyNWUyNmZiMWNmZjNjMWZiODZjODYxMTdmZTYyMzYzMTdkYTZiYyIsImlhdCI6MTY5OTAwMjA2NSwibmJmIjoxNjk5MDAyMDY1LCJleHAiOjE2OTkwODg0NjUsInN1YiI6IjkyMzA3MzQiLCJncmFudF90eXBlIjoiIiwiYWNjb3VudF9pZCI6MzA4NTYzMTAsImJhc2VfZG9tYWluIjoiYW1vY3JtLnJ1IiwidmVyc2lvbiI6MSwic2NvcGVzIjpbInB1c2hfbm90aWZpY2F0aW9ucyIsImZpbGVzIiwiY3JtIiwiZmlsZXNfZGVsZXRlIiwibm90aWZpY2F0aW9ucyJdfQ.MKIRpMoh9Ya-48dgplBqORYVPtn_XO8ZN_F2EBJCtg7rQ8NLvBpIROGLd_JiHTiVr5uyerVCjSOM755DzSpLGCQ9ed-61Sjl5OMlnVkGoUqXZNEzSBic8GhciCGgE0ZjEMujs-tpxJM4wzMNTLOLJSqA7ubJ_0RgkBkwpOUM-QQVwaaSWwlcFUzR6aNidhXV3B6ZT9R2NCV4YVzmLIEsSwO1Q8Y1KCNHV5hvsNT02OiJVMh3yRWZA0ji3su5MfVJ7neBtxTEfrxK2fh8BC4WRv3I_C6fdeWxT9U_lra7PB_e9eFN9m1RRX-h_mRG4VrJMPE9AQGYPO_Actn7TDu14Q","refresh_token":"def502000ed241790a1ef553ff6ec26e588f5fdecf70e35fbb070404e26879de79a6a856de067159935f01a14b4b51e7c87d5d133d9702bf205a1a70e08ce0f526891f09ff785c80510c0d937d6495d077197474a2113a85a253e07700777258e710e775feedcf2bd96d59912701541f6684b41e10d7946c878afcdbaeba677f50ac838b2dc96e11b8eaf6a71277004fd34f54bf549f8f3a34b5d9eafaad2ad7ae4b87794675b8db93921bae52ff967d97f793e221cc15443b97f5e76c7b8922b74b8cf5fadfee9e56d3c2b9db9e11edee354794d8a41758031fbc05c80a87aef484ccc175db6e8a6cbd846dfc90fd07030ddbb177ea022bb48b196cefb73d7c1752bf1b443c16a08d2b6aaac85c72344ab8f22013509e93d79abfa3c4a46a6bcafcb11125ad7249380f2f1c28c7ad7a8893b1ba12ae811acb1767cebffd686af9ac2cc995e15d032b00f8c773012a508c48888734eab1f242374391ac75f55772712bc92f98c74a9581b3bfc1a287a3068f69aac503f21f2334a22005cb075fe118b04b1779501458c68a4bfdd493c3f9133c80be1a6385df628eebdc95f01a2a61ed6fa2988b4a078d76f26614d798836c097a44bda0def8aca8c44bc9ac46818d7211a6043d63a342c2dd7ce9d2f5ee0cc6a99deac1dffd97c13e3976547c602a8f67d956dceb870b437407"}'
[03.11.2023 12:01:05] ReadyToWork
[03.11.2023 12:01:05] Is tokenData exists: 
[03.11.2023 12:01:05] array (
  'access_token' => 'eyJ0eXAiOiJKV1QiLCJhbGciOiJSUzI1NiIsImp0aSI6IjQ0ZWE5YTIwMTlhNzZjNjMwMDFkNzFkYzA5OTE4OTJkMTkyZTU1OGMyYTI1ZTI2ZmIxY2ZmM2MxZmI4NmM4NjExN2ZlNjIzNjMxN2RhNmJjIn0.eyJhdWQiOiJjOTYwMmU2Ni1mMzhhLTQyNTEtOWQ3MS1jYTI5YTllOTg1Y2IiLCJqdGkiOiI0NGVhOWEyMDE5YTc2YzYzMDAxZDcxZGMwOTkxODkyZDE5MmU1NThjMmEyNWUyNmZiMWNmZjNjMWZiODZjODYxMTdmZTYyMzYzMTdkYTZiYyIsImlhdCI6MTY5OTAwMjA2NSwibmJmIjoxNjk5MDAyMDY1LCJleHAiOjE2OTkwODg0NjUsInN1YiI6IjkyMzA3MzQiLCJncmFudF90eXBlIjoiIiwiYWNjb3VudF9pZCI6MzA4NTYzMTAsImJhc2VfZG9tYWluIjoiYW1vY3JtLnJ1IiwidmVyc2lvbiI6MSwic2NvcGVzIjpbInB1c2hfbm90aWZpY2F0aW9ucyIsImZpbGVzIiwiY3JtIiwiZmlsZXNfZGVsZXRlIiwibm90aWZpY2F0aW9ucyJdfQ.MKIRpMoh9Ya-48dgplBqORYVPtn_XO8ZN_F2EBJCtg7rQ8NLvBpIROGLd_JiHTiVr5uyerVCjSOM755DzSpLGCQ9ed-61Sjl5OMlnVkGoUqXZNEzSBic8GhciCGgE0ZjEMujs-tpxJM4wzMNTLOLJSqA7ubJ_0RgkBkwpOUM-QQVwaaSWwlcFUzR6aNidhXV3B6ZT9R2NCV4YVzmLIEsSwO1Q8Y1KCNHV5hvsNT02OiJVMh3yRWZA0ji3su5MfVJ7neBtxTEfrxK2fh8BC4WRv3I_C6fdeWxT9U_lra7PB_e9eFN9m1RRX-h_mRG4VrJMPE9AQGYPO_Actn7TDu14Q',
  'refresh_token' => 'def502000ed241790a1ef553ff6ec26e588f5fdecf70e35fbb070404e26879de79a6a856de067159935f01a14b4b51e7c87d5d133d9702bf205a1a70e08ce0f526891f09ff785c80510c0d937d6495d077197474a2113a85a253e07700777258e710e775feedcf2bd96d59912701541f6684b41e10d7946c878afcdbaeba677f50ac838b2dc96e11b8eaf6a71277004fd34f54bf549f8f3a34b5d9eafaad2ad7ae4b87794675b8db93921bae52ff967d97f793e221cc15443b97f5e76c7b8922b74b8cf5fadfee9e56d3c2b9db9e11edee354794d8a41758031fbc05c80a87aef484ccc175db6e8a6cbd846dfc90fd07030ddbb177ea022bb48b196cefb73d7c1752bf1b443c16a08d2b6aaac85c72344ab8f22013509e93d79abfa3c4a46a6bcafcb11125ad7249380f2f1c28c7ad7a8893b1ba12ae811acb1767cebffd686af9ac2cc995e15d032b00f8c773012a508c48888734eab1f242374391ac75f55772712bc92f98c74a9581b3bfc1a287a3068f69aac503f21f2334a22005cb075fe118b04b1779501458c68a4bfdd493c3f9133c80be1a6385df628eebdc95f01a2a61ed6fa2988b4a078d76f26614d798836c097a44bda0def8aca8c44bc9ac46818d7211a6043d63a342c2dd7ce9d2f5ee0cc6a99deac1dffd97c13e3976547c602a8f67d956dceb870b437407',
  'token_type' => 'Bearer',
  'expires_in' => 86400,
  'expires_ts' => 1699088465,
  'expires_time' => '04.11.2023 12:01',
)
[03.11.2023 12:01:05] Is token expired
[03.11.2023 12:01:05] SendData going
[03.11.2023 12:01:05] SendData post: 
[03.11.2023 12:01:05] array (
  0 => 
  array (
    'responsible_user_id' => 9230734,
    'created_by' => 9230734,
    'pipeline_id' => 6439062,
    'status_id' => 55025766,
    'name' => 'Анастасия',
    'price' => 0,
    '_embedded' => 
    array (
      'metadata' => 
      array (
        'category' => 'forms',
        'form_sent_at' => 1699002065,
        'ip' => '95.55.168.182',
        'referer' => 'https://proudly.ru/',
        'form_id' => '2',
        'form_name' => 'Давайте начнем новый проект вместе!',
        'form_page' => 'Главая страница',
      ),
      'contacts' => 
      array (
        0 => 
        array (
          'first_name' => 'Анастасия',
          'custom_fields_values' => 
          array (
            0 => 
            array (
              'field_code' => 'PHONE',
              'values' => 
              array (
                0 => 
                array (
                  'enum_code' => 'WORK',
                  'value' => '+7 (952) 382-97-72',
                ),
              ),
            ),
          ),
        ),
      ),
    ),
  ),
)
[03.11.2023 12:01:07] Error 402: 
[03.11.2023 12:01:07] 'Undefined error'
[03.11.2023 12:01:07] SendData out: 
[03.11.2023 12:01:07] '{"title":"Payment Required","type":"https://httpstatus.es/402","status":402,"detail":"Payment required"}'
[18.11.2023 13:51:06] ReadyToWork
[18.11.2023 13:51:06] Is tokenData exists: 
[18.11.2023 13:51:06] array (
  'access_token' => 'eyJ0eXAiOiJKV1QiLCJhbGciOiJSUzI1NiIsImp0aSI6IjQ0ZWE5YTIwMTlhNzZjNjMwMDFkNzFkYzA5OTE4OTJkMTkyZTU1OGMyYTI1ZTI2ZmIxY2ZmM2MxZmI4NmM4NjExN2ZlNjIzNjMxN2RhNmJjIn0.eyJhdWQiOiJjOTYwMmU2Ni1mMzhhLTQyNTEtOWQ3MS1jYTI5YTllOTg1Y2IiLCJqdGkiOiI0NGVhOWEyMDE5YTc2YzYzMDAxZDcxZGMwOTkxODkyZDE5MmU1NThjMmEyNWUyNmZiMWNmZjNjMWZiODZjODYxMTdmZTYyMzYzMTdkYTZiYyIsImlhdCI6MTY5OTAwMjA2NSwibmJmIjoxNjk5MDAyMDY1LCJleHAiOjE2OTkwODg0NjUsInN1YiI6IjkyMzA3MzQiLCJncmFudF90eXBlIjoiIiwiYWNjb3VudF9pZCI6MzA4NTYzMTAsImJhc2VfZG9tYWluIjoiYW1vY3JtLnJ1IiwidmVyc2lvbiI6MSwic2NvcGVzIjpbInB1c2hfbm90aWZpY2F0aW9ucyIsImZpbGVzIiwiY3JtIiwiZmlsZXNfZGVsZXRlIiwibm90aWZpY2F0aW9ucyJdfQ.MKIRpMoh9Ya-48dgplBqORYVPtn_XO8ZN_F2EBJCtg7rQ8NLvBpIROGLd_JiHTiVr5uyerVCjSOM755DzSpLGCQ9ed-61Sjl5OMlnVkGoUqXZNEzSBic8GhciCGgE0ZjEMujs-tpxJM4wzMNTLOLJSqA7ubJ_0RgkBkwpOUM-QQVwaaSWwlcFUzR6aNidhXV3B6ZT9R2NCV4YVzmLIEsSwO1Q8Y1KCNHV5hvsNT02OiJVMh3yRWZA0ji3su5MfVJ7neBtxTEfrxK2fh8BC4WRv3I_C6fdeWxT9U_lra7PB_e9eFN9m1RRX-h_mRG4VrJMPE9AQGYPO_Actn7TDu14Q',
  'refresh_token' => 'def502000ed241790a1ef553ff6ec26e588f5fdecf70e35fbb070404e26879de79a6a856de067159935f01a14b4b51e7c87d5d133d9702bf205a1a70e08ce0f526891f09ff785c80510c0d937d6495d077197474a2113a85a253e07700777258e710e775feedcf2bd96d59912701541f6684b41e10d7946c878afcdbaeba677f50ac838b2dc96e11b8eaf6a71277004fd34f54bf549f8f3a34b5d9eafaad2ad7ae4b87794675b8db93921bae52ff967d97f793e221cc15443b97f5e76c7b8922b74b8cf5fadfee9e56d3c2b9db9e11edee354794d8a41758031fbc05c80a87aef484ccc175db6e8a6cbd846dfc90fd07030ddbb177ea022bb48b196cefb73d7c1752bf1b443c16a08d2b6aaac85c72344ab8f22013509e93d79abfa3c4a46a6bcafcb11125ad7249380f2f1c28c7ad7a8893b1ba12ae811acb1767cebffd686af9ac2cc995e15d032b00f8c773012a508c48888734eab1f242374391ac75f55772712bc92f98c74a9581b3bfc1a287a3068f69aac503f21f2334a22005cb075fe118b04b1779501458c68a4bfdd493c3f9133c80be1a6385df628eebdc95f01a2a61ed6fa2988b4a078d76f26614d798836c097a44bda0def8aca8c44bc9ac46818d7211a6043d63a342c2dd7ce9d2f5ee0cc6a99deac1dffd97c13e3976547c602a8f67d956dceb870b437407',
  'token_type' => 'Bearer',
  'expires_in' => 86400,
  'expires_ts' => 1699088465,
  'expires_time' => '04.11.2023 12:01',
)
[18.11.2023 13:51:06] Is token expired: 
[18.11.2023 13:51:06] true
[18.11.2023 13:51:06] Refresh going
[18.11.2023 13:51:07] Http status: 
[18.11.2023 13:51:07] 200
[18.11.2023 13:51:07] Refresh: 
[18.11.2023 13:51:07] '{"token_type":"Bearer","expires_in":86400,"access_token":"eyJ0eXAiOiJKV1QiLCJhbGciOiJSUzI1NiIsImp0aSI6IjA0NDM4NGFhMmRjYjFlYWRhODM0YjIzMzhiMWFhZWYzMDFiMTA3Y2E5YzY1MzliOTUzY2Q4NmI3ZDVkZmI4YmI3MjY2ZjQ0MGI3MjMxNTI2In0.eyJhdWQiOiJjOTYwMmU2Ni1mMzhhLTQyNTEtOWQ3MS1jYTI5YTllOTg1Y2IiLCJqdGkiOiIwNDQzODRhYTJkY2IxZWFkYTgzNGIyMzM4YjFhYWVmMzAxYjEwN2NhOWM2NTM5Yjk1M2NkODZiN2Q1ZGZiOGJiNzI2NmY0NDBiNzIzMTUyNiIsImlhdCI6MTcwMDMwNDY2NywibmJmIjoxNzAwMzA0NjY3LCJleHAiOjE3MDAzOTEwNjcsInN1YiI6IjkyMzA3MzQiLCJncmFudF90eXBlIjoiIiwiYWNjb3VudF9pZCI6MzA4NTYzMTAsImJhc2VfZG9tYWluIjoiYW1vY3JtLnJ1IiwidmVyc2lvbiI6MSwic2NvcGVzIjpbInB1c2hfbm90aWZpY2F0aW9ucyIsImZpbGVzIiwiY3JtIiwiZmlsZXNfZGVsZXRlIiwibm90aWZpY2F0aW9ucyJdfQ.Bzv8zkubvZRaafrAkkhcruF0Tl1-ljLeRvCL0krH3ETf4EWGT8ffXQRvZK0LRteSCFcrM5b-7NXlaznrHOscHXo3Mr65CNDhbrWA3eWPRyINbw3tbIMRgHpf7qbYXvtHSBEkT_sSYs16Ldp0EYXSHRzc3bcQAtEhl2Q0lJglyf1jTyasOPD5d86hmjpse4X8iiO-4sKuvkIcjQS1S9tHRniAgImQdKvZhJJlKMOe4Kmfkx9tAa-SmnAJtMfKU3x3htIh7xoop-H7BYp4FPgXBTLrd0vUhUVm34PH7CkwP0FxYhSjxptJNIrAlvCZSEkqjqkJNWR6qyusYTz8xd6Lvg","refresh_token":"def50200e602c18413b72e4acb0211c23ffdc43955080e0d9d545837635bce6d0430d39bddd5c732dcae8dcff50aafc6b42033bd724e00eb9a67f8bbe347003638fa919c74363e40deb65e1ed75673a0e95ecebd2330482de432dbc92e8556309bfa0c455ab2233020d5bf6e04d8e9fbb165a8eae47db9296e6ad499d857b926b232a3570a54e8a9b0efc0ae468b09499a409abbfdef57280d69363b79a28a6870242ae57d2da671cb1e3028c17503e81e89d8f0558e2a4974d1faedf7d02da3a2374f8b427a1ebc8c71a2e37099b9043ceccf00659d2e2b20bbbae0a62c426fc7ffd6c71601b3ae5c32466b495d16e6cdb103f7d08427161b2f58edf526a573d88454b42f18c331928f43865ec9b7c6ba7e75a17a7d33f1e8fc4aafca1662c6f2f533f5a12c19547a19a10404eca029da4ffeb7cb88e1e0cc9830748d113e0271f99f514e67d8e47b689a4998a40c6a0b2cf3ad72c9f59d7501ef997cc333d47df822e2f0b32ac0ee21373526e7385fc6076703f812bdb0a0540e5bdf84a32d831c40c4b1a137651538c669e2ea5e8b9c1b25a8dd0045f85a81d841815fb63a2c8bef1a4d9e28eb8a9f31b64db8834f82dc9d53f6f916e3d99dd3faf27bad8d4aba9d134351b211d478be8b272e8c6967d4739831b3c699941593e33d7b80a9a6a25792b359b940170ebf4a26"}'
[18.11.2023 13:51:07] ReadyToWork
[18.11.2023 13:51:07] Is tokenData exists: 
[18.11.2023 13:51:07] array (
  'access_token' => 'eyJ0eXAiOiJKV1QiLCJhbGciOiJSUzI1NiIsImp0aSI6IjA0NDM4NGFhMmRjYjFlYWRhODM0YjIzMzhiMWFhZWYzMDFiMTA3Y2E5YzY1MzliOTUzY2Q4NmI3ZDVkZmI4YmI3MjY2ZjQ0MGI3MjMxNTI2In0.eyJhdWQiOiJjOTYwMmU2Ni1mMzhhLTQyNTEtOWQ3MS1jYTI5YTllOTg1Y2IiLCJqdGkiOiIwNDQzODRhYTJkY2IxZWFkYTgzNGIyMzM4YjFhYWVmMzAxYjEwN2NhOWM2NTM5Yjk1M2NkODZiN2Q1ZGZiOGJiNzI2NmY0NDBiNzIzMTUyNiIsImlhdCI6MTcwMDMwNDY2NywibmJmIjoxNzAwMzA0NjY3LCJleHAiOjE3MDAzOTEwNjcsInN1YiI6IjkyMzA3MzQiLCJncmFudF90eXBlIjoiIiwiYWNjb3VudF9pZCI6MzA4NTYzMTAsImJhc2VfZG9tYWluIjoiYW1vY3JtLnJ1IiwidmVyc2lvbiI6MSwic2NvcGVzIjpbInB1c2hfbm90aWZpY2F0aW9ucyIsImZpbGVzIiwiY3JtIiwiZmlsZXNfZGVsZXRlIiwibm90aWZpY2F0aW9ucyJdfQ.Bzv8zkubvZRaafrAkkhcruF0Tl1-ljLeRvCL0krH3ETf4EWGT8ffXQRvZK0LRteSCFcrM5b-7NXlaznrHOscHXo3Mr65CNDhbrWA3eWPRyINbw3tbIMRgHpf7qbYXvtHSBEkT_sSYs16Ldp0EYXSHRzc3bcQAtEhl2Q0lJglyf1jTyasOPD5d86hmjpse4X8iiO-4sKuvkIcjQS1S9tHRniAgImQdKvZhJJlKMOe4Kmfkx9tAa-SmnAJtMfKU3x3htIh7xoop-H7BYp4FPgXBTLrd0vUhUVm34PH7CkwP0FxYhSjxptJNIrAlvCZSEkqjqkJNWR6qyusYTz8xd6Lvg',
  'refresh_token' => 'def50200e602c18413b72e4acb0211c23ffdc43955080e0d9d545837635bce6d0430d39bddd5c732dcae8dcff50aafc6b42033bd724e00eb9a67f8bbe347003638fa919c74363e40deb65e1ed75673a0e95ecebd2330482de432dbc92e8556309bfa0c455ab2233020d5bf6e04d8e9fbb165a8eae47db9296e6ad499d857b926b232a3570a54e8a9b0efc0ae468b09499a409abbfdef57280d69363b79a28a6870242ae57d2da671cb1e3028c17503e81e89d8f0558e2a4974d1faedf7d02da3a2374f8b427a1ebc8c71a2e37099b9043ceccf00659d2e2b20bbbae0a62c426fc7ffd6c71601b3ae5c32466b495d16e6cdb103f7d08427161b2f58edf526a573d88454b42f18c331928f43865ec9b7c6ba7e75a17a7d33f1e8fc4aafca1662c6f2f533f5a12c19547a19a10404eca029da4ffeb7cb88e1e0cc9830748d113e0271f99f514e67d8e47b689a4998a40c6a0b2cf3ad72c9f59d7501ef997cc333d47df822e2f0b32ac0ee21373526e7385fc6076703f812bdb0a0540e5bdf84a32d831c40c4b1a137651538c669e2ea5e8b9c1b25a8dd0045f85a81d841815fb63a2c8bef1a4d9e28eb8a9f31b64db8834f82dc9d53f6f916e3d99dd3faf27bad8d4aba9d134351b211d478be8b272e8c6967d4739831b3c699941593e33d7b80a9a6a25792b359b940170ebf4a26',
  'token_type' => 'Bearer',
  'expires_in' => 86400,
  'expires_ts' => 1700391067,
  'expires_time' => '19.11.2023 13:51',
)
[18.11.2023 13:51:07] Is token expired
[18.11.2023 13:51:07] SendData going
[18.11.2023 13:51:07] SendData post: 
[18.11.2023 13:51:07] array (
  0 => 
  array (
    'responsible_user_id' => 9230734,
    'created_by' => 9230734,
    'pipeline_id' => 6439062,
    'status_id' => 55025766,
    'name' => 'мвлн72юапкн8л7двма5яи0',
    'price' => 0,
    '_embedded' => 
    array (
      'metadata' => 
      array (
        'category' => 'forms',
        'form_sent_at' => 1700304667,
        'ip' => '178.176.84.41',
        'referer' => 'https://proudly.ru/',
        'form_id' => '5',
        'form_name' => 'Мы перезвоним!',
        'form_page' => 'Главая страница',
      ),
      'contacts' => 
      array (
        0 => 
        array (
          'first_name' => 'мвлн72юапкн8л7двма5яи0',
          'custom_fields_values' => 
          array (
            0 => 
            array (
              'field_code' => 'PHONE',
              'values' => 
              array (
                0 => 
                array (
                  'enum_code' => 'WORK',
                  'value' => '+7 (___) ___-__-__',
                ),
              ),
            ),
          ),
        ),
      ),
    ),
  ),
)
[18.11.2023 13:51:08] Error 402: 
[18.11.2023 13:51:08] 'Undefined error'
[18.11.2023 13:51:08] SendData out: 
[18.11.2023 13:51:08] '{"title":"Payment Required","type":"https://httpstatus.es/402","status":402,"detail":"Payment required"}'
[05.12.2023 18:17:20] ReadyToWork
[05.12.2023 18:17:20] Is tokenData exists: 
[05.12.2023 18:17:20] array (
  'access_token' => 'eyJ0eXAiOiJKV1QiLCJhbGciOiJSUzI1NiIsImp0aSI6IjA0NDM4NGFhMmRjYjFlYWRhODM0YjIzMzhiMWFhZWYzMDFiMTA3Y2E5YzY1MzliOTUzY2Q4NmI3ZDVkZmI4YmI3MjY2ZjQ0MGI3MjMxNTI2In0.eyJhdWQiOiJjOTYwMmU2Ni1mMzhhLTQyNTEtOWQ3MS1jYTI5YTllOTg1Y2IiLCJqdGkiOiIwNDQzODRhYTJkY2IxZWFkYTgzNGIyMzM4YjFhYWVmMzAxYjEwN2NhOWM2NTM5Yjk1M2NkODZiN2Q1ZGZiOGJiNzI2NmY0NDBiNzIzMTUyNiIsImlhdCI6MTcwMDMwNDY2NywibmJmIjoxNzAwMzA0NjY3LCJleHAiOjE3MDAzOTEwNjcsInN1YiI6IjkyMzA3MzQiLCJncmFudF90eXBlIjoiIiwiYWNjb3VudF9pZCI6MzA4NTYzMTAsImJhc2VfZG9tYWluIjoiYW1vY3JtLnJ1IiwidmVyc2lvbiI6MSwic2NvcGVzIjpbInB1c2hfbm90aWZpY2F0aW9ucyIsImZpbGVzIiwiY3JtIiwiZmlsZXNfZGVsZXRlIiwibm90aWZpY2F0aW9ucyJdfQ.Bzv8zkubvZRaafrAkkhcruF0Tl1-ljLeRvCL0krH3ETf4EWGT8ffXQRvZK0LRteSCFcrM5b-7NXlaznrHOscHXo3Mr65CNDhbrWA3eWPRyINbw3tbIMRgHpf7qbYXvtHSBEkT_sSYs16Ldp0EYXSHRzc3bcQAtEhl2Q0lJglyf1jTyasOPD5d86hmjpse4X8iiO-4sKuvkIcjQS1S9tHRniAgImQdKvZhJJlKMOe4Kmfkx9tAa-SmnAJtMfKU3x3htIh7xoop-H7BYp4FPgXBTLrd0vUhUVm34PH7CkwP0FxYhSjxptJNIrAlvCZSEkqjqkJNWR6qyusYTz8xd6Lvg',
  'refresh_token' => 'def50200e602c18413b72e4acb0211c23ffdc43955080e0d9d545837635bce6d0430d39bddd5c732dcae8dcff50aafc6b42033bd724e00eb9a67f8bbe347003638fa919c74363e40deb65e1ed75673a0e95ecebd2330482de432dbc92e8556309bfa0c455ab2233020d5bf6e04d8e9fbb165a8eae47db9296e6ad499d857b926b232a3570a54e8a9b0efc0ae468b09499a409abbfdef57280d69363b79a28a6870242ae57d2da671cb1e3028c17503e81e89d8f0558e2a4974d1faedf7d02da3a2374f8b427a1ebc8c71a2e37099b9043ceccf00659d2e2b20bbbae0a62c426fc7ffd6c71601b3ae5c32466b495d16e6cdb103f7d08427161b2f58edf526a573d88454b42f18c331928f43865ec9b7c6ba7e75a17a7d33f1e8fc4aafca1662c6f2f533f5a12c19547a19a10404eca029da4ffeb7cb88e1e0cc9830748d113e0271f99f514e67d8e47b689a4998a40c6a0b2cf3ad72c9f59d7501ef997cc333d47df822e2f0b32ac0ee21373526e7385fc6076703f812bdb0a0540e5bdf84a32d831c40c4b1a137651538c669e2ea5e8b9c1b25a8dd0045f85a81d841815fb63a2c8bef1a4d9e28eb8a9f31b64db8834f82dc9d53f6f916e3d99dd3faf27bad8d4aba9d134351b211d478be8b272e8c6967d4739831b3c699941593e33d7b80a9a6a25792b359b940170ebf4a26',
  'token_type' => 'Bearer',
  'expires_in' => 86400,
  'expires_ts' => 1700391067,
  'expires_time' => '19.11.2023 13:51',
)
[05.12.2023 18:17:20] Is token expired: 
[05.12.2023 18:17:20] true
[05.12.2023 18:17:20] Refresh going
[05.12.2023 18:17:21] Http status: 
[05.12.2023 18:17:21] 200
[05.12.2023 18:17:21] Refresh: 
[05.12.2023 18:17:21] '{"token_type":"Bearer","expires_in":86400,"access_token":"eyJ0eXAiOiJKV1QiLCJhbGciOiJSUzI1NiIsImp0aSI6IjVhN2NkMDI2NDcxMDRhYjUwZmZiZmY5NmY0OGNkMTFlYjllNmFlMjQ2YjQ1NWIwYzE2MjNjYTVkMzRhYjFkYzczNjdkZjE0ZmFkNGE1MTMxIn0.eyJhdWQiOiJjOTYwMmU2Ni1mMzhhLTQyNTEtOWQ3MS1jYTI5YTllOTg1Y2IiLCJqdGkiOiI1YTdjZDAyNjQ3MTA0YWI1MGZmYmZmOTZmNDhjZDExZWI5ZTZhZTI0NmI0NTViMGMxNjIzY2E1ZDM0YWIxZGM3MzY3ZGYxNGZhZDRhNTEzMSIsImlhdCI6MTcwMTc4OTQ0MSwibmJmIjoxNzAxNzg5NDQxLCJleHAiOjE3MDE4NzU4NDEsInN1YiI6IjkyMzA3MzQiLCJncmFudF90eXBlIjoiIiwiYWNjb3VudF9pZCI6MzA4NTYzMTAsImJhc2VfZG9tYWluIjoiYW1vY3JtLnJ1IiwidmVyc2lvbiI6MSwic2NvcGVzIjpbInB1c2hfbm90aWZpY2F0aW9ucyIsImZpbGVzIiwiY3JtIiwiZmlsZXNfZGVsZXRlIiwibm90aWZpY2F0aW9ucyJdfQ.A1WPYknDuggpF38eZ_Pwi-YTjfUOurEe9K3Q24qSE2K8rby4tORv8gQzm2zUdqw1Xg2y2vlnVnly8xbQHJ7IMw15GAtWd94u40I5ETsPqj0yOBEJulfoiB_BONrzF9UFlm80WzXnDfU6x944C6iZgRivaa8bBQAYUzV7ma__Ylj3xgLLZCP9hXndrj4aZjs4AlozADPoPia8gEtLKcL25-Oy5x_6o7oNPDGub2qRxEkntbVONAluV14DgGG297lKaf6NKSf4OiDJGu7zyEY2KYTn-K7SqwmWR11tvnordY3oXC9_Hc3RsPepF7XJ9--8KuPmSLyWjgw89hw03lNZJw","refresh_token":"def502009a507b2fab185fb33b84ec098405b905fe8f2cbc37fb33f0fb4380d7f40a95ed364709f4039a6aeecee9fd35eaf5c409c91b15bba99942f6089fb8c3c4aa83c8b830b7b8bee925ea716bac16d4bf8ce92703a6fafdb7286a54445e8e69b494b3f2d9e6e08848b4feee53a752866e4af85b47df8b8f9d243d4ea9c5f299307c51204ce08944c19fcd792c1aa16f2c725c8b2b2b30d11785b27ae7fc03bd95b6cf392a5d644bd9eb39017a361fdbb40af20c2cf863237a706a8316050f6bd17e09236b8cc003c863aef6a0496674aad84a158b4910670dab3ed2167f7aa626c393672163643d819900f07a5e4654ab79e655332c01281392cf060fda2ef690f0938d484e06d4d2d0e89bad80af0ebb4e70caaf1bd6bd86279bab1db762ba70bf1574b6cc4275fdd6df99c1a0319f27c97f0e1669b74f1fb412fade1408070bb1482743f8ab908cb52399ca0a1e54991eceb46dda683eb0d83f6a929d162c3bb99b018c807c5f82d0793fd8c3a9a0ef945ee842ecb214bd7605a588ecb712ae6b7ab6a3975cdcd5c820ea6a044e0104e3e7c0e86909a2d0b9a82264553fa22aa04dcd69d8f99b032b7e9cebd1b313fb1d74307a6ef8866002819b66192b43838d1923941037ebbb315f2bcf308f83ea62317e1b7e3de11eec432f7bf2a16251486d61db06e3909599763c"}'
[05.12.2023 18:17:21] ReadyToWork
[05.12.2023 18:17:21] Is tokenData exists: 
[05.12.2023 18:17:21] array (
  'access_token' => 'eyJ0eXAiOiJKV1QiLCJhbGciOiJSUzI1NiIsImp0aSI6IjVhN2NkMDI2NDcxMDRhYjUwZmZiZmY5NmY0OGNkMTFlYjllNmFlMjQ2YjQ1NWIwYzE2MjNjYTVkMzRhYjFkYzczNjdkZjE0ZmFkNGE1MTMxIn0.eyJhdWQiOiJjOTYwMmU2Ni1mMzhhLTQyNTEtOWQ3MS1jYTI5YTllOTg1Y2IiLCJqdGkiOiI1YTdjZDAyNjQ3MTA0YWI1MGZmYmZmOTZmNDhjZDExZWI5ZTZhZTI0NmI0NTViMGMxNjIzY2E1ZDM0YWIxZGM3MzY3ZGYxNGZhZDRhNTEzMSIsImlhdCI6MTcwMTc4OTQ0MSwibmJmIjoxNzAxNzg5NDQxLCJleHAiOjE3MDE4NzU4NDEsInN1YiI6IjkyMzA3MzQiLCJncmFudF90eXBlIjoiIiwiYWNjb3VudF9pZCI6MzA4NTYzMTAsImJhc2VfZG9tYWluIjoiYW1vY3JtLnJ1IiwidmVyc2lvbiI6MSwic2NvcGVzIjpbInB1c2hfbm90aWZpY2F0aW9ucyIsImZpbGVzIiwiY3JtIiwiZmlsZXNfZGVsZXRlIiwibm90aWZpY2F0aW9ucyJdfQ.A1WPYknDuggpF38eZ_Pwi-YTjfUOurEe9K3Q24qSE2K8rby4tORv8gQzm2zUdqw1Xg2y2vlnVnly8xbQHJ7IMw15GAtWd94u40I5ETsPqj0yOBEJulfoiB_BONrzF9UFlm80WzXnDfU6x944C6iZgRivaa8bBQAYUzV7ma__Ylj3xgLLZCP9hXndrj4aZjs4AlozADPoPia8gEtLKcL25-Oy5x_6o7oNPDGub2qRxEkntbVONAluV14DgGG297lKaf6NKSf4OiDJGu7zyEY2KYTn-K7SqwmWR11tvnordY3oXC9_Hc3RsPepF7XJ9--8KuPmSLyWjgw89hw03lNZJw',
  'refresh_token' => 'def502009a507b2fab185fb33b84ec098405b905fe8f2cbc37fb33f0fb4380d7f40a95ed364709f4039a6aeecee9fd35eaf5c409c91b15bba99942f6089fb8c3c4aa83c8b830b7b8bee925ea716bac16d4bf8ce92703a6fafdb7286a54445e8e69b494b3f2d9e6e08848b4feee53a752866e4af85b47df8b8f9d243d4ea9c5f299307c51204ce08944c19fcd792c1aa16f2c725c8b2b2b30d11785b27ae7fc03bd95b6cf392a5d644bd9eb39017a361fdbb40af20c2cf863237a706a8316050f6bd17e09236b8cc003c863aef6a0496674aad84a158b4910670dab3ed2167f7aa626c393672163643d819900f07a5e4654ab79e655332c01281392cf060fda2ef690f0938d484e06d4d2d0e89bad80af0ebb4e70caaf1bd6bd86279bab1db762ba70bf1574b6cc4275fdd6df99c1a0319f27c97f0e1669b74f1fb412fade1408070bb1482743f8ab908cb52399ca0a1e54991eceb46dda683eb0d83f6a929d162c3bb99b018c807c5f82d0793fd8c3a9a0ef945ee842ecb214bd7605a588ecb712ae6b7ab6a3975cdcd5c820ea6a044e0104e3e7c0e86909a2d0b9a82264553fa22aa04dcd69d8f99b032b7e9cebd1b313fb1d74307a6ef8866002819b66192b43838d1923941037ebbb315f2bcf308f83ea62317e1b7e3de11eec432f7bf2a16251486d61db06e3909599763c',
  'token_type' => 'Bearer',
  'expires_in' => 86400,
  'expires_ts' => 1701875841,
  'expires_time' => '06.12.2023 18:17',
)
[05.12.2023 18:17:21] Is token expired
[05.12.2023 18:17:21] SendData going
[05.12.2023 18:17:21] SendData post: 
[05.12.2023 18:17:21] array (
  0 => 
  array (
    'responsible_user_id' => 9230734,
    'created_by' => 9230734,
    'pipeline_id' => 6439062,
    'status_id' => 55025766,
    'name' => 'Елена',
    'price' => 0,
    '_embedded' => 
    array (
      'metadata' => 
      array (
        'category' => 'forms',
        'form_sent_at' => 1701789441,
        'ip' => '95.139.165.217',
        'referer' => 'https://proudly.ru/',
        'form_id' => '2',
        'form_name' => 'Давайте начнем новый проект вместе!',
        'form_page' => 'Главая страница',
      ),
      'contacts' => 
      array (
        0 => 
        array (
          'first_name' => 'Елена',
          'custom_fields_values' => 
          array (
            0 => 
            array (
              'field_code' => 'PHONE',
              'values' => 
              array (
                0 => 
                array (
                  'enum_code' => 'WORK',
                  'value' => '+7 (796) 377-82-68',
                ),
              ),
            ),
          ),
        ),
      ),
    ),
  ),
)
[05.12.2023 18:17:22] Error 402: 
[05.12.2023 18:17:22] 'Undefined error'
[05.12.2023 18:17:22] SendData out: 
[05.12.2023 18:17:22] '{"title":"Payment Required","type":"https://httpstatus.es/402","status":402,"detail":"Payment required"}'
[05.12.2023 18:17:22] ReadyToWork
[05.12.2023 18:17:22] Is tokenData exists: 
[05.12.2023 18:17:22] array (
  'access_token' => 'eyJ0eXAiOiJKV1QiLCJhbGciOiJSUzI1NiIsImp0aSI6IjVhN2NkMDI2NDcxMDRhYjUwZmZiZmY5NmY0OGNkMTFlYjllNmFlMjQ2YjQ1NWIwYzE2MjNjYTVkMzRhYjFkYzczNjdkZjE0ZmFkNGE1MTMxIn0.eyJhdWQiOiJjOTYwMmU2Ni1mMzhhLTQyNTEtOWQ3MS1jYTI5YTllOTg1Y2IiLCJqdGkiOiI1YTdjZDAyNjQ3MTA0YWI1MGZmYmZmOTZmNDhjZDExZWI5ZTZhZTI0NmI0NTViMGMxNjIzY2E1ZDM0YWIxZGM3MzY3ZGYxNGZhZDRhNTEzMSIsImlhdCI6MTcwMTc4OTQ0MSwibmJmIjoxNzAxNzg5NDQxLCJleHAiOjE3MDE4NzU4NDEsInN1YiI6IjkyMzA3MzQiLCJncmFudF90eXBlIjoiIiwiYWNjb3VudF9pZCI6MzA4NTYzMTAsImJhc2VfZG9tYWluIjoiYW1vY3JtLnJ1IiwidmVyc2lvbiI6MSwic2NvcGVzIjpbInB1c2hfbm90aWZpY2F0aW9ucyIsImZpbGVzIiwiY3JtIiwiZmlsZXNfZGVsZXRlIiwibm90aWZpY2F0aW9ucyJdfQ.A1WPYknDuggpF38eZ_Pwi-YTjfUOurEe9K3Q24qSE2K8rby4tORv8gQzm2zUdqw1Xg2y2vlnVnly8xbQHJ7IMw15GAtWd94u40I5ETsPqj0yOBEJulfoiB_BONrzF9UFlm80WzXnDfU6x944C6iZgRivaa8bBQAYUzV7ma__Ylj3xgLLZCP9hXndrj4aZjs4AlozADPoPia8gEtLKcL25-Oy5x_6o7oNPDGub2qRxEkntbVONAluV14DgGG297lKaf6NKSf4OiDJGu7zyEY2KYTn-K7SqwmWR11tvnordY3oXC9_Hc3RsPepF7XJ9--8KuPmSLyWjgw89hw03lNZJw',
  'refresh_token' => 'def502009a507b2fab185fb33b84ec098405b905fe8f2cbc37fb33f0fb4380d7f40a95ed364709f4039a6aeecee9fd35eaf5c409c91b15bba99942f6089fb8c3c4aa83c8b830b7b8bee925ea716bac16d4bf8ce92703a6fafdb7286a54445e8e69b494b3f2d9e6e08848b4feee53a752866e4af85b47df8b8f9d243d4ea9c5f299307c51204ce08944c19fcd792c1aa16f2c725c8b2b2b30d11785b27ae7fc03bd95b6cf392a5d644bd9eb39017a361fdbb40af20c2cf863237a706a8316050f6bd17e09236b8cc003c863aef6a0496674aad84a158b4910670dab3ed2167f7aa626c393672163643d819900f07a5e4654ab79e655332c01281392cf060fda2ef690f0938d484e06d4d2d0e89bad80af0ebb4e70caaf1bd6bd86279bab1db762ba70bf1574b6cc4275fdd6df99c1a0319f27c97f0e1669b74f1fb412fade1408070bb1482743f8ab908cb52399ca0a1e54991eceb46dda683eb0d83f6a929d162c3bb99b018c807c5f82d0793fd8c3a9a0ef945ee842ecb214bd7605a588ecb712ae6b7ab6a3975cdcd5c820ea6a044e0104e3e7c0e86909a2d0b9a82264553fa22aa04dcd69d8f99b032b7e9cebd1b313fb1d74307a6ef8866002819b66192b43838d1923941037ebbb315f2bcf308f83ea62317e1b7e3de11eec432f7bf2a16251486d61db06e3909599763c',
  'token_type' => 'Bearer',
  'expires_in' => 86400,
  'expires_ts' => 1701875841,
  'expires_time' => '06.12.2023 18:17',
)
[05.12.2023 18:17:22] Is token expired
[05.12.2023 18:17:22] SendData going
[05.12.2023 18:17:22] SendData post: 
[05.12.2023 18:17:22] array (
  0 => 
  array (
    'responsible_user_id' => 9230734,
    'created_by' => 9230734,
    'pipeline_id' => 6439062,
    'status_id' => 55025766,
    'name' => 'Елена',
    'price' => 0,
    '_embedded' => 
    array (
      'metadata' => 
      array (
        'category' => 'forms',
        'form_sent_at' => 1701789442,
        'ip' => '95.139.165.217',
        'referer' => 'https://proudly.ru/',
        'form_id' => '3',
        'form_name' => 'Расскажите о задаче',
        'form_page' => 'Главая страница',
      ),
      'contacts' => 
      array (
        0 => 
        array (
          'first_name' => 'Елена',
          'custom_fields_values' => 
          array (
            0 => 
            array (
              'field_code' => 'PHONE',
              'values' => 
              array (
                0 => 
                array (
                  'enum_code' => 'WORK',
                  'value' => '+7 (796) 377-82-68',
                ),
              ),
            ),
          ),
        ),
      ),
    ),
  ),
)
[05.12.2023 18:17:22] Error 402: 
[05.12.2023 18:17:22] 'Undefined error'
[05.12.2023 18:17:22] SendData out: 
[05.12.2023 18:17:22] '{"title":"Payment Required","type":"https://httpstatus.es/402","status":402,"detail":"Payment required"}'
[05.12.2023 18:17:22] ReadyToWork
[05.12.2023 18:17:22] Is tokenData exists: 
[05.12.2023 18:17:22] array (
  'access_token' => 'eyJ0eXAiOiJKV1QiLCJhbGciOiJSUzI1NiIsImp0aSI6IjVhN2NkMDI2NDcxMDRhYjUwZmZiZmY5NmY0OGNkMTFlYjllNmFlMjQ2YjQ1NWIwYzE2MjNjYTVkMzRhYjFkYzczNjdkZjE0ZmFkNGE1MTMxIn0.eyJhdWQiOiJjOTYwMmU2Ni1mMzhhLTQyNTEtOWQ3MS1jYTI5YTllOTg1Y2IiLCJqdGkiOiI1YTdjZDAyNjQ3MTA0YWI1MGZmYmZmOTZmNDhjZDExZWI5ZTZhZTI0NmI0NTViMGMxNjIzY2E1ZDM0YWIxZGM3MzY3ZGYxNGZhZDRhNTEzMSIsImlhdCI6MTcwMTc4OTQ0MSwibmJmIjoxNzAxNzg5NDQxLCJleHAiOjE3MDE4NzU4NDEsInN1YiI6IjkyMzA3MzQiLCJncmFudF90eXBlIjoiIiwiYWNjb3VudF9pZCI6MzA4NTYzMTAsImJhc2VfZG9tYWluIjoiYW1vY3JtLnJ1IiwidmVyc2lvbiI6MSwic2NvcGVzIjpbInB1c2hfbm90aWZpY2F0aW9ucyIsImZpbGVzIiwiY3JtIiwiZmlsZXNfZGVsZXRlIiwibm90aWZpY2F0aW9ucyJdfQ.A1WPYknDuggpF38eZ_Pwi-YTjfUOurEe9K3Q24qSE2K8rby4tORv8gQzm2zUdqw1Xg2y2vlnVnly8xbQHJ7IMw15GAtWd94u40I5ETsPqj0yOBEJulfoiB_BONrzF9UFlm80WzXnDfU6x944C6iZgRivaa8bBQAYUzV7ma__Ylj3xgLLZCP9hXndrj4aZjs4AlozADPoPia8gEtLKcL25-Oy5x_6o7oNPDGub2qRxEkntbVONAluV14DgGG297lKaf6NKSf4OiDJGu7zyEY2KYTn-K7SqwmWR11tvnordY3oXC9_Hc3RsPepF7XJ9--8KuPmSLyWjgw89hw03lNZJw',
  'refresh_token' => 'def502009a507b2fab185fb33b84ec098405b905fe8f2cbc37fb33f0fb4380d7f40a95ed364709f4039a6aeecee9fd35eaf5c409c91b15bba99942f6089fb8c3c4aa83c8b830b7b8bee925ea716bac16d4bf8ce92703a6fafdb7286a54445e8e69b494b3f2d9e6e08848b4feee53a752866e4af85b47df8b8f9d243d4ea9c5f299307c51204ce08944c19fcd792c1aa16f2c725c8b2b2b30d11785b27ae7fc03bd95b6cf392a5d644bd9eb39017a361fdbb40af20c2cf863237a706a8316050f6bd17e09236b8cc003c863aef6a0496674aad84a158b4910670dab3ed2167f7aa626c393672163643d819900f07a5e4654ab79e655332c01281392cf060fda2ef690f0938d484e06d4d2d0e89bad80af0ebb4e70caaf1bd6bd86279bab1db762ba70bf1574b6cc4275fdd6df99c1a0319f27c97f0e1669b74f1fb412fade1408070bb1482743f8ab908cb52399ca0a1e54991eceb46dda683eb0d83f6a929d162c3bb99b018c807c5f82d0793fd8c3a9a0ef945ee842ecb214bd7605a588ecb712ae6b7ab6a3975cdcd5c820ea6a044e0104e3e7c0e86909a2d0b9a82264553fa22aa04dcd69d8f99b032b7e9cebd1b313fb1d74307a6ef8866002819b66192b43838d1923941037ebbb315f2bcf308f83ea62317e1b7e3de11eec432f7bf2a16251486d61db06e3909599763c',
  'token_type' => 'Bearer',
  'expires_in' => 86400,
  'expires_ts' => 1701875841,
  'expires_time' => '06.12.2023 18:17',
)
[05.12.2023 18:17:22] Is token expired
[05.12.2023 18:17:22] SendData going
[05.12.2023 18:17:22] SendData post: 
[05.12.2023 18:17:22] array (
  0 => 
  array (
    'responsible_user_id' => 9230734,
    'created_by' => 9230734,
    'pipeline_id' => 6439062,
    'status_id' => 55025766,
    'name' => 'Елена',
    'price' => 0,
    '_embedded' => 
    array (
      'metadata' => 
      array (
        'category' => 'forms',
        'form_sent_at' => 1701789442,
        'ip' => '95.139.165.217',
        'referer' => 'https://proudly.ru/',
        'form_id' => '4',
        'form_name' => 'Задайте вопрос',
        'form_page' => 'Главая страница',
      ),
      'contacts' => 
      array (
        0 => 
        array (
          'first_name' => 'Елена',
          'custom_fields_values' => 
          array (
            0 => 
            array (
              'field_code' => 'PHONE',
              'values' => 
              array (
                0 => 
                array (
                  'enum_code' => 'WORK',
                  'value' => '+7 (796) 377-82-68',
                ),
              ),
            ),
          ),
        ),
      ),
    ),
  ),
)
[05.12.2023 18:17:23] Error 402: 
[05.12.2023 18:17:23] 'Undefined error'
[05.12.2023 18:17:23] SendData out: 
[05.12.2023 18:17:23] '{"title":"Payment Required","type":"https://httpstatus.es/402","status":402,"detail":"Payment required"}'
[05.12.2023 18:17:23] ReadyToWork
[05.12.2023 18:17:23] Is tokenData exists: 
[05.12.2023 18:17:23] array (
  'access_token' => 'eyJ0eXAiOiJKV1QiLCJhbGciOiJSUzI1NiIsImp0aSI6IjVhN2NkMDI2NDcxMDRhYjUwZmZiZmY5NmY0OGNkMTFlYjllNmFlMjQ2YjQ1NWIwYzE2MjNjYTVkMzRhYjFkYzczNjdkZjE0ZmFkNGE1MTMxIn0.eyJhdWQiOiJjOTYwMmU2Ni1mMzhhLTQyNTEtOWQ3MS1jYTI5YTllOTg1Y2IiLCJqdGkiOiI1YTdjZDAyNjQ3MTA0YWI1MGZmYmZmOTZmNDhjZDExZWI5ZTZhZTI0NmI0NTViMGMxNjIzY2E1ZDM0YWIxZGM3MzY3ZGYxNGZhZDRhNTEzMSIsImlhdCI6MTcwMTc4OTQ0MSwibmJmIjoxNzAxNzg5NDQxLCJleHAiOjE3MDE4NzU4NDEsInN1YiI6IjkyMzA3MzQiLCJncmFudF90eXBlIjoiIiwiYWNjb3VudF9pZCI6MzA4NTYzMTAsImJhc2VfZG9tYWluIjoiYW1vY3JtLnJ1IiwidmVyc2lvbiI6MSwic2NvcGVzIjpbInB1c2hfbm90aWZpY2F0aW9ucyIsImZpbGVzIiwiY3JtIiwiZmlsZXNfZGVsZXRlIiwibm90aWZpY2F0aW9ucyJdfQ.A1WPYknDuggpF38eZ_Pwi-YTjfUOurEe9K3Q24qSE2K8rby4tORv8gQzm2zUdqw1Xg2y2vlnVnly8xbQHJ7IMw15GAtWd94u40I5ETsPqj0yOBEJulfoiB_BONrzF9UFlm80WzXnDfU6x944C6iZgRivaa8bBQAYUzV7ma__Ylj3xgLLZCP9hXndrj4aZjs4AlozADPoPia8gEtLKcL25-Oy5x_6o7oNPDGub2qRxEkntbVONAluV14DgGG297lKaf6NKSf4OiDJGu7zyEY2KYTn-K7SqwmWR11tvnordY3oXC9_Hc3RsPepF7XJ9--8KuPmSLyWjgw89hw03lNZJw',
  'refresh_token' => 'def502009a507b2fab185fb33b84ec098405b905fe8f2cbc37fb33f0fb4380d7f40a95ed364709f4039a6aeecee9fd35eaf5c409c91b15bba99942f6089fb8c3c4aa83c8b830b7b8bee925ea716bac16d4bf8ce92703a6fafdb7286a54445e8e69b494b3f2d9e6e08848b4feee53a752866e4af85b47df8b8f9d243d4ea9c5f299307c51204ce08944c19fcd792c1aa16f2c725c8b2b2b30d11785b27ae7fc03bd95b6cf392a5d644bd9eb39017a361fdbb40af20c2cf863237a706a8316050f6bd17e09236b8cc003c863aef6a0496674aad84a158b4910670dab3ed2167f7aa626c393672163643d819900f07a5e4654ab79e655332c01281392cf060fda2ef690f0938d484e06d4d2d0e89bad80af0ebb4e70caaf1bd6bd86279bab1db762ba70bf1574b6cc4275fdd6df99c1a0319f27c97f0e1669b74f1fb412fade1408070bb1482743f8ab908cb52399ca0a1e54991eceb46dda683eb0d83f6a929d162c3bb99b018c807c5f82d0793fd8c3a9a0ef945ee842ecb214bd7605a588ecb712ae6b7ab6a3975cdcd5c820ea6a044e0104e3e7c0e86909a2d0b9a82264553fa22aa04dcd69d8f99b032b7e9cebd1b313fb1d74307a6ef8866002819b66192b43838d1923941037ebbb315f2bcf308f83ea62317e1b7e3de11eec432f7bf2a16251486d61db06e3909599763c',
  'token_type' => 'Bearer',
  'expires_in' => 86400,
  'expires_ts' => 1701875841,
  'expires_time' => '06.12.2023 18:17',
)
[05.12.2023 18:17:23] Is token expired
[05.12.2023 18:17:23] SendData going
[05.12.2023 18:17:23] SendData post: 
[05.12.2023 18:17:23] array (
  0 => 
  array (
    'responsible_user_id' => 9230734,
    'created_by' => 9230734,
    'pipeline_id' => 6439062,
    'status_id' => 55025766,
    'name' => 'Елена',
    'price' => 0,
    '_embedded' => 
    array (
      'metadata' => 
      array (
        'category' => 'forms',
        'form_sent_at' => 1701789443,
        'ip' => '95.139.165.217',
        'referer' => 'https://proudly.ru/',
        'form_id' => '5',
        'form_name' => 'Мы перезвоним!',
        'form_page' => 'Главая страница',
      ),
      'contacts' => 
      array (
        0 => 
        array (
          'first_name' => 'Елена',
          'custom_fields_values' => 
          array (
            0 => 
            array (
              'field_code' => 'PHONE',
              'values' => 
              array (
                0 => 
                array (
                  'enum_code' => 'WORK',
                  'value' => '+7 (796) 377-82-68',
                ),
              ),
            ),
          ),
        ),
      ),
    ),
  ),
)
[05.12.2023 18:17:23] Error 402: 
[05.12.2023 18:17:23] 'Undefined error'
[05.12.2023 18:17:23] SendData out: 
[05.12.2023 18:17:23] '{"title":"Payment Required","type":"https://httpstatus.es/402","status":402,"detail":"Payment required"}'
[15.12.2023 16:48:24] ReadyToWork
[15.12.2023 16:48:24] Is tokenData exists: 
[15.12.2023 16:48:24] array (
  'access_token' => 'eyJ0eXAiOiJKV1QiLCJhbGciOiJSUzI1NiIsImp0aSI6IjVhN2NkMDI2NDcxMDRhYjUwZmZiZmY5NmY0OGNkMTFlYjllNmFlMjQ2YjQ1NWIwYzE2MjNjYTVkMzRhYjFkYzczNjdkZjE0ZmFkNGE1MTMxIn0.eyJhdWQiOiJjOTYwMmU2Ni1mMzhhLTQyNTEtOWQ3MS1jYTI5YTllOTg1Y2IiLCJqdGkiOiI1YTdjZDAyNjQ3MTA0YWI1MGZmYmZmOTZmNDhjZDExZWI5ZTZhZTI0NmI0NTViMGMxNjIzY2E1ZDM0YWIxZGM3MzY3ZGYxNGZhZDRhNTEzMSIsImlhdCI6MTcwMTc4OTQ0MSwibmJmIjoxNzAxNzg5NDQxLCJleHAiOjE3MDE4NzU4NDEsInN1YiI6IjkyMzA3MzQiLCJncmFudF90eXBlIjoiIiwiYWNjb3VudF9pZCI6MzA4NTYzMTAsImJhc2VfZG9tYWluIjoiYW1vY3JtLnJ1IiwidmVyc2lvbiI6MSwic2NvcGVzIjpbInB1c2hfbm90aWZpY2F0aW9ucyIsImZpbGVzIiwiY3JtIiwiZmlsZXNfZGVsZXRlIiwibm90aWZpY2F0aW9ucyJdfQ.A1WPYknDuggpF38eZ_Pwi-YTjfUOurEe9K3Q24qSE2K8rby4tORv8gQzm2zUdqw1Xg2y2vlnVnly8xbQHJ7IMw15GAtWd94u40I5ETsPqj0yOBEJulfoiB_BONrzF9UFlm80WzXnDfU6x944C6iZgRivaa8bBQAYUzV7ma__Ylj3xgLLZCP9hXndrj4aZjs4AlozADPoPia8gEtLKcL25-Oy5x_6o7oNPDGub2qRxEkntbVONAluV14DgGG297lKaf6NKSf4OiDJGu7zyEY2KYTn-K7SqwmWR11tvnordY3oXC9_Hc3RsPepF7XJ9--8KuPmSLyWjgw89hw03lNZJw',
  'refresh_token' => 'def502009a507b2fab185fb33b84ec098405b905fe8f2cbc37fb33f0fb4380d7f40a95ed364709f4039a6aeecee9fd35eaf5c409c91b15bba99942f6089fb8c3c4aa83c8b830b7b8bee925ea716bac16d4bf8ce92703a6fafdb7286a54445e8e69b494b3f2d9e6e08848b4feee53a752866e4af85b47df8b8f9d243d4ea9c5f299307c51204ce08944c19fcd792c1aa16f2c725c8b2b2b30d11785b27ae7fc03bd95b6cf392a5d644bd9eb39017a361fdbb40af20c2cf863237a706a8316050f6bd17e09236b8cc003c863aef6a0496674aad84a158b4910670dab3ed2167f7aa626c393672163643d819900f07a5e4654ab79e655332c01281392cf060fda2ef690f0938d484e06d4d2d0e89bad80af0ebb4e70caaf1bd6bd86279bab1db762ba70bf1574b6cc4275fdd6df99c1a0319f27c97f0e1669b74f1fb412fade1408070bb1482743f8ab908cb52399ca0a1e54991eceb46dda683eb0d83f6a929d162c3bb99b018c807c5f82d0793fd8c3a9a0ef945ee842ecb214bd7605a588ecb712ae6b7ab6a3975cdcd5c820ea6a044e0104e3e7c0e86909a2d0b9a82264553fa22aa04dcd69d8f99b032b7e9cebd1b313fb1d74307a6ef8866002819b66192b43838d1923941037ebbb315f2bcf308f83ea62317e1b7e3de11eec432f7bf2a16251486d61db06e3909599763c',
  'token_type' => 'Bearer',
  'expires_in' => 86400,
  'expires_ts' => 1701875841,
  'expires_time' => '06.12.2023 18:17',
)
[15.12.2023 16:48:24] Is token expired: 
[15.12.2023 16:48:24] true
[15.12.2023 16:48:24] Refresh going
[15.12.2023 16:48:24] Http status: 
[15.12.2023 16:48:24] 200
[15.12.2023 16:48:24] Refresh: 
[15.12.2023 16:48:24] '{"token_type":"Bearer","expires_in":86400,"access_token":"eyJ0eXAiOiJKV1QiLCJhbGciOiJSUzI1NiIsImp0aSI6ImU0MTdkOWM3N2YyYTkwOTMzNmZhZGFiN2FiODAxYTAyZjZlMTg1ZTUzYjljOTc0Mjk5ZGRhYWJkNjkwOGI4NDRiYzE4MzBhNjI3NDg1ZThkIn0.eyJhdWQiOiJjOTYwMmU2Ni1mMzhhLTQyNTEtOWQ3MS1jYTI5YTllOTg1Y2IiLCJqdGkiOiJlNDE3ZDljNzdmMmE5MDkzMzZmYWRhYjdhYjgwMWEwMmY2ZTE4NWU1M2I5Yzk3NDI5OWRkYWFiZDY5MDhiODQ0YmMxODMwYTYyNzQ4NWU4ZCIsImlhdCI6MTcwMjY0ODEwNCwibmJmIjoxNzAyNjQ4MTA0LCJleHAiOjE3MDI3MzQ1MDQsInN1YiI6IjkyMzA3MzQiLCJncmFudF90eXBlIjoiIiwiYWNjb3VudF9pZCI6MzA4NTYzMTAsImJhc2VfZG9tYWluIjoiYW1vY3JtLnJ1IiwidmVyc2lvbiI6MSwic2NvcGVzIjpbInB1c2hfbm90aWZpY2F0aW9ucyIsImZpbGVzIiwiY3JtIiwiZmlsZXNfZGVsZXRlIiwibm90aWZpY2F0aW9ucyJdfQ.i-tkvlk6jlf3p_xPfdI6PxoQbjgIx7lpHWXTbbBS-xDIqanmXj-bxqetLrmftIYGdStaAe6OW2yxw9h4OjVw6a6C79HhDZItqw90OYNrUORnF8QKc9HeeYTJ-KJKtOPBWhd3s7z16kNdRBGjVTGbIJYuJ1O3a9_r71YFfAc_6Y6ktu8wgBVnwUok4gfoN9iUJx57JhMw7md8gzgrycuwBSs7eIjJgErjhtR6WSo_RaNb2fN-kgWCxYaPPUJeeVVN1wpgz8IQ_Vyph7FZlfjET-okjlDIlUifHHTi44owpWf5daK_N8vQaCcEn3gKNNucJrtnpR4JDqF88GPCRvUiPw","refresh_token":"def502003c221c953723823d5e32d7a019fdcfa5392a57c0265ef022d02304570ea14c9a7c0ea9d2cc96241c46077ee9f9642da9e5ee9839e75c3d3c119db94e028c1b79a50c3824fcf03dee89d9cfd9cbada1f4ce819f9ad6cc6efa0cb032b3c9e9fe4ebcd3d513e7d7c511e53a8d17d03863fc83a2a94b828b1ee9ee7a2aba8392ad3f0c8a76a93e3cc8aaaa06fd4b555bb406ceb6a34d42dd45973ab365b94e40c583bb41f208815a62b972f00eb556eb5654ae6fc1a7ca2b0ab94dc7a21d01b5669887242d0195ff5c32c09714100de29ad6f4bbcf52382bf60aff57d425110fad85482694017fce9baf203d50499879ae832630b4e454c9220f38a7d045c96e6684d204b4bb333c1c123c47d8982c04eb72144b294bfe2ab78215086ce8fa6c2fae09bbdad7d8c09c9c70e2b8e68638b2e353ae85d6bc92ac7d186f7b36483ffa4d04b88e68472a6d723232e0eff2a655ca51f1b2704593c940bbc0363c9c2d4de4ddb59108c662aa7ca1783b90776dfe8b7a53cf4167a85b83d533e19255206eba8739714d36916575970f309e323dccb4f68985cd6dab476f9cc2a4f769d8717c86cd11a03961c0a7af17d27797c8174f165535d0bcac1f689099132bb18d7720c5f374b79701a57e31c6a96e3f20aa30858364d2f4cc3b9d1608c6dbf35c270ebdd716fde99e939cd5"}'
[15.12.2023 16:48:24] ReadyToWork
[15.12.2023 16:48:24] Is tokenData exists: 
[15.12.2023 16:48:24] array (
  'access_token' => 'eyJ0eXAiOiJKV1QiLCJhbGciOiJSUzI1NiIsImp0aSI6ImU0MTdkOWM3N2YyYTkwOTMzNmZhZGFiN2FiODAxYTAyZjZlMTg1ZTUzYjljOTc0Mjk5ZGRhYWJkNjkwOGI4NDRiYzE4MzBhNjI3NDg1ZThkIn0.eyJhdWQiOiJjOTYwMmU2Ni1mMzhhLTQyNTEtOWQ3MS1jYTI5YTllOTg1Y2IiLCJqdGkiOiJlNDE3ZDljNzdmMmE5MDkzMzZmYWRhYjdhYjgwMWEwMmY2ZTE4NWU1M2I5Yzk3NDI5OWRkYWFiZDY5MDhiODQ0YmMxODMwYTYyNzQ4NWU4ZCIsImlhdCI6MTcwMjY0ODEwNCwibmJmIjoxNzAyNjQ4MTA0LCJleHAiOjE3MDI3MzQ1MDQsInN1YiI6IjkyMzA3MzQiLCJncmFudF90eXBlIjoiIiwiYWNjb3VudF9pZCI6MzA4NTYzMTAsImJhc2VfZG9tYWluIjoiYW1vY3JtLnJ1IiwidmVyc2lvbiI6MSwic2NvcGVzIjpbInB1c2hfbm90aWZpY2F0aW9ucyIsImZpbGVzIiwiY3JtIiwiZmlsZXNfZGVsZXRlIiwibm90aWZpY2F0aW9ucyJdfQ.i-tkvlk6jlf3p_xPfdI6PxoQbjgIx7lpHWXTbbBS-xDIqanmXj-bxqetLrmftIYGdStaAe6OW2yxw9h4OjVw6a6C79HhDZItqw90OYNrUORnF8QKc9HeeYTJ-KJKtOPBWhd3s7z16kNdRBGjVTGbIJYuJ1O3a9_r71YFfAc_6Y6ktu8wgBVnwUok4gfoN9iUJx57JhMw7md8gzgrycuwBSs7eIjJgErjhtR6WSo_RaNb2fN-kgWCxYaPPUJeeVVN1wpgz8IQ_Vyph7FZlfjET-okjlDIlUifHHTi44owpWf5daK_N8vQaCcEn3gKNNucJrtnpR4JDqF88GPCRvUiPw',
  'refresh_token' => 'def502003c221c953723823d5e32d7a019fdcfa5392a57c0265ef022d02304570ea14c9a7c0ea9d2cc96241c46077ee9f9642da9e5ee9839e75c3d3c119db94e028c1b79a50c3824fcf03dee89d9cfd9cbada1f4ce819f9ad6cc6efa0cb032b3c9e9fe4ebcd3d513e7d7c511e53a8d17d03863fc83a2a94b828b1ee9ee7a2aba8392ad3f0c8a76a93e3cc8aaaa06fd4b555bb406ceb6a34d42dd45973ab365b94e40c583bb41f208815a62b972f00eb556eb5654ae6fc1a7ca2b0ab94dc7a21d01b5669887242d0195ff5c32c09714100de29ad6f4bbcf52382bf60aff57d425110fad85482694017fce9baf203d50499879ae832630b4e454c9220f38a7d045c96e6684d204b4bb333c1c123c47d8982c04eb72144b294bfe2ab78215086ce8fa6c2fae09bbdad7d8c09c9c70e2b8e68638b2e353ae85d6bc92ac7d186f7b36483ffa4d04b88e68472a6d723232e0eff2a655ca51f1b2704593c940bbc0363c9c2d4de4ddb59108c662aa7ca1783b90776dfe8b7a53cf4167a85b83d533e19255206eba8739714d36916575970f309e323dccb4f68985cd6dab476f9cc2a4f769d8717c86cd11a03961c0a7af17d27797c8174f165535d0bcac1f689099132bb18d7720c5f374b79701a57e31c6a96e3f20aa30858364d2f4cc3b9d1608c6dbf35c270ebdd716fde99e939cd5',
  'token_type' => 'Bearer',
  'expires_in' => 86400,
  'expires_ts' => 1702734504,
  'expires_time' => '16.12.2023 16:48',
)
[15.12.2023 16:48:24] Is token expired
[15.12.2023 16:48:24] SendData going
[15.12.2023 16:48:24] SendData post: 
[15.12.2023 16:48:24] array (
  0 => 
  array (
    'responsible_user_id' => 9230734,
    'created_by' => 9230734,
    'pipeline_id' => 6439062,
    'status_id' => 55025766,
    'name' => 'Сергей',
    'price' => 0,
    '_embedded' => 
    array (
      'metadata' => 
      array (
        'category' => 'forms',
        'form_sent_at' => 1702648104,
        'ip' => '212.35.173.210',
        'referer' => 'https://proudly.ru/',
        'form_id' => '2',
        'form_name' => 'Давайте начнем новый проект вместе!',
        'form_page' => 'Главая страница',
      ),
      'contacts' => 
      array (
        0 => 
        array (
          'first_name' => 'Сергей',
          'custom_fields_values' => 
          array (
            0 => 
            array (
              'field_code' => 'PHONE',
              'values' => 
              array (
                0 => 
                array (
                  'enum_code' => 'WORK',
                  'value' => '+7 (793) 089-49-39',
                ),
              ),
            ),
          ),
        ),
      ),
    ),
  ),
)
[15.12.2023 16:48:26] Error 402: 
[15.12.2023 16:48:26] 'Undefined error'
[15.12.2023 16:48:26] SendData out: 
[15.12.2023 16:48:26] '{"title":"Payment Required","type":"https://httpstatus.es/402","status":402,"detail":"Payment required"}'
[15.12.2023 16:48:26] ReadyToWork
[15.12.2023 16:48:26] Is tokenData exists: 
[15.12.2023 16:48:26] array (
  'access_token' => 'eyJ0eXAiOiJKV1QiLCJhbGciOiJSUzI1NiIsImp0aSI6ImU0MTdkOWM3N2YyYTkwOTMzNmZhZGFiN2FiODAxYTAyZjZlMTg1ZTUzYjljOTc0Mjk5ZGRhYWJkNjkwOGI4NDRiYzE4MzBhNjI3NDg1ZThkIn0.eyJhdWQiOiJjOTYwMmU2Ni1mMzhhLTQyNTEtOWQ3MS1jYTI5YTllOTg1Y2IiLCJqdGkiOiJlNDE3ZDljNzdmMmE5MDkzMzZmYWRhYjdhYjgwMWEwMmY2ZTE4NWU1M2I5Yzk3NDI5OWRkYWFiZDY5MDhiODQ0YmMxODMwYTYyNzQ4NWU4ZCIsImlhdCI6MTcwMjY0ODEwNCwibmJmIjoxNzAyNjQ4MTA0LCJleHAiOjE3MDI3MzQ1MDQsInN1YiI6IjkyMzA3MzQiLCJncmFudF90eXBlIjoiIiwiYWNjb3VudF9pZCI6MzA4NTYzMTAsImJhc2VfZG9tYWluIjoiYW1vY3JtLnJ1IiwidmVyc2lvbiI6MSwic2NvcGVzIjpbInB1c2hfbm90aWZpY2F0aW9ucyIsImZpbGVzIiwiY3JtIiwiZmlsZXNfZGVsZXRlIiwibm90aWZpY2F0aW9ucyJdfQ.i-tkvlk6jlf3p_xPfdI6PxoQbjgIx7lpHWXTbbBS-xDIqanmXj-bxqetLrmftIYGdStaAe6OW2yxw9h4OjVw6a6C79HhDZItqw90OYNrUORnF8QKc9HeeYTJ-KJKtOPBWhd3s7z16kNdRBGjVTGbIJYuJ1O3a9_r71YFfAc_6Y6ktu8wgBVnwUok4gfoN9iUJx57JhMw7md8gzgrycuwBSs7eIjJgErjhtR6WSo_RaNb2fN-kgWCxYaPPUJeeVVN1wpgz8IQ_Vyph7FZlfjET-okjlDIlUifHHTi44owpWf5daK_N8vQaCcEn3gKNNucJrtnpR4JDqF88GPCRvUiPw',
  'refresh_token' => 'def502003c221c953723823d5e32d7a019fdcfa5392a57c0265ef022d02304570ea14c9a7c0ea9d2cc96241c46077ee9f9642da9e5ee9839e75c3d3c119db94e028c1b79a50c3824fcf03dee89d9cfd9cbada1f4ce819f9ad6cc6efa0cb032b3c9e9fe4ebcd3d513e7d7c511e53a8d17d03863fc83a2a94b828b1ee9ee7a2aba8392ad3f0c8a76a93e3cc8aaaa06fd4b555bb406ceb6a34d42dd45973ab365b94e40c583bb41f208815a62b972f00eb556eb5654ae6fc1a7ca2b0ab94dc7a21d01b5669887242d0195ff5c32c09714100de29ad6f4bbcf52382bf60aff57d425110fad85482694017fce9baf203d50499879ae832630b4e454c9220f38a7d045c96e6684d204b4bb333c1c123c47d8982c04eb72144b294bfe2ab78215086ce8fa6c2fae09bbdad7d8c09c9c70e2b8e68638b2e353ae85d6bc92ac7d186f7b36483ffa4d04b88e68472a6d723232e0eff2a655ca51f1b2704593c940bbc0363c9c2d4de4ddb59108c662aa7ca1783b90776dfe8b7a53cf4167a85b83d533e19255206eba8739714d36916575970f309e323dccb4f68985cd6dab476f9cc2a4f769d8717c86cd11a03961c0a7af17d27797c8174f165535d0bcac1f689099132bb18d7720c5f374b79701a57e31c6a96e3f20aa30858364d2f4cc3b9d1608c6dbf35c270ebdd716fde99e939cd5',
  'token_type' => 'Bearer',
  'expires_in' => 86400,
  'expires_ts' => 1702734504,
  'expires_time' => '16.12.2023 16:48',
)
[15.12.2023 16:48:26] Is token expired
[15.12.2023 16:48:26] SendData going
[15.12.2023 16:48:26] SendData post: 
[15.12.2023 16:48:26] array (
  0 => 
  array (
    'responsible_user_id' => 9230734,
    'created_by' => 9230734,
    'pipeline_id' => 6439062,
    'status_id' => 55025766,
    'name' => 'Сергей',
    'price' => 0,
    '_embedded' => 
    array (
      'metadata' => 
      array (
        'category' => 'forms',
        'form_sent_at' => 1702648106,
        'ip' => '212.35.173.210',
        'referer' => 'https://proudly.ru/',
        'form_id' => '3',
        'form_name' => 'Расскажите о задаче',
        'form_page' => 'Главая страница',
      ),
      'contacts' => 
      array (
        0 => 
        array (
          'first_name' => 'Сергей',
          'custom_fields_values' => 
          array (
            0 => 
            array (
              'field_code' => 'PHONE',
              'values' => 
              array (
                0 => 
                array (
                  'enum_code' => 'WORK',
                  'value' => '+7 (793) 089-49-39',
                ),
              ),
            ),
          ),
        ),
      ),
    ),
  ),
)
[15.12.2023 16:48:27] Error 402: 
[15.12.2023 16:48:27] 'Undefined error'
[15.12.2023 16:48:27] SendData out: 
[15.12.2023 16:48:27] '{"title":"Payment Required","type":"https://httpstatus.es/402","status":402,"detail":"Payment required"}'
[15.12.2023 16:48:27] ReadyToWork
[15.12.2023 16:48:27] Is tokenData exists: 
[15.12.2023 16:48:27] array (
  'access_token' => 'eyJ0eXAiOiJKV1QiLCJhbGciOiJSUzI1NiIsImp0aSI6ImU0MTdkOWM3N2YyYTkwOTMzNmZhZGFiN2FiODAxYTAyZjZlMTg1ZTUzYjljOTc0Mjk5ZGRhYWJkNjkwOGI4NDRiYzE4MzBhNjI3NDg1ZThkIn0.eyJhdWQiOiJjOTYwMmU2Ni1mMzhhLTQyNTEtOWQ3MS1jYTI5YTllOTg1Y2IiLCJqdGkiOiJlNDE3ZDljNzdmMmE5MDkzMzZmYWRhYjdhYjgwMWEwMmY2ZTE4NWU1M2I5Yzk3NDI5OWRkYWFiZDY5MDhiODQ0YmMxODMwYTYyNzQ4NWU4ZCIsImlhdCI6MTcwMjY0ODEwNCwibmJmIjoxNzAyNjQ4MTA0LCJleHAiOjE3MDI3MzQ1MDQsInN1YiI6IjkyMzA3MzQiLCJncmFudF90eXBlIjoiIiwiYWNjb3VudF9pZCI6MzA4NTYzMTAsImJhc2VfZG9tYWluIjoiYW1vY3JtLnJ1IiwidmVyc2lvbiI6MSwic2NvcGVzIjpbInB1c2hfbm90aWZpY2F0aW9ucyIsImZpbGVzIiwiY3JtIiwiZmlsZXNfZGVsZXRlIiwibm90aWZpY2F0aW9ucyJdfQ.i-tkvlk6jlf3p_xPfdI6PxoQbjgIx7lpHWXTbbBS-xDIqanmXj-bxqetLrmftIYGdStaAe6OW2yxw9h4OjVw6a6C79HhDZItqw90OYNrUORnF8QKc9HeeYTJ-KJKtOPBWhd3s7z16kNdRBGjVTGbIJYuJ1O3a9_r71YFfAc_6Y6ktu8wgBVnwUok4gfoN9iUJx57JhMw7md8gzgrycuwBSs7eIjJgErjhtR6WSo_RaNb2fN-kgWCxYaPPUJeeVVN1wpgz8IQ_Vyph7FZlfjET-okjlDIlUifHHTi44owpWf5daK_N8vQaCcEn3gKNNucJrtnpR4JDqF88GPCRvUiPw',
  'refresh_token' => 'def502003c221c953723823d5e32d7a019fdcfa5392a57c0265ef022d02304570ea14c9a7c0ea9d2cc96241c46077ee9f9642da9e5ee9839e75c3d3c119db94e028c1b79a50c3824fcf03dee89d9cfd9cbada1f4ce819f9ad6cc6efa0cb032b3c9e9fe4ebcd3d513e7d7c511e53a8d17d03863fc83a2a94b828b1ee9ee7a2aba8392ad3f0c8a76a93e3cc8aaaa06fd4b555bb406ceb6a34d42dd45973ab365b94e40c583bb41f208815a62b972f00eb556eb5654ae6fc1a7ca2b0ab94dc7a21d01b5669887242d0195ff5c32c09714100de29ad6f4bbcf52382bf60aff57d425110fad85482694017fce9baf203d50499879ae832630b4e454c9220f38a7d045c96e6684d204b4bb333c1c123c47d8982c04eb72144b294bfe2ab78215086ce8fa6c2fae09bbdad7d8c09c9c70e2b8e68638b2e353ae85d6bc92ac7d186f7b36483ffa4d04b88e68472a6d723232e0eff2a655ca51f1b2704593c940bbc0363c9c2d4de4ddb59108c662aa7ca1783b90776dfe8b7a53cf4167a85b83d533e19255206eba8739714d36916575970f309e323dccb4f68985cd6dab476f9cc2a4f769d8717c86cd11a03961c0a7af17d27797c8174f165535d0bcac1f689099132bb18d7720c5f374b79701a57e31c6a96e3f20aa30858364d2f4cc3b9d1608c6dbf35c270ebdd716fde99e939cd5',
  'token_type' => 'Bearer',
  'expires_in' => 86400,
  'expires_ts' => 1702734504,
  'expires_time' => '16.12.2023 16:48',
)
[15.12.2023 16:48:27] Is token expired
[15.12.2023 16:48:27] SendData going
[15.12.2023 16:48:27] SendData post: 
[15.12.2023 16:48:27] array (
  0 => 
  array (
    'responsible_user_id' => 9230734,
    'created_by' => 9230734,
    'pipeline_id' => 6439062,
    'status_id' => 55025766,
    'name' => 'Сергей',
    'price' => 0,
    '_embedded' => 
    array (
      'metadata' => 
      array (
        'category' => 'forms',
        'form_sent_at' => 1702648107,
        'ip' => '212.35.173.210',
        'referer' => 'https://proudly.ru/',
        'form_id' => '4',
        'form_name' => 'Задайте вопрос',
        'form_page' => 'Главая страница',
      ),
      'contacts' => 
      array (
        0 => 
        array (
          'first_name' => 'Сергей',
          'custom_fields_values' => 
          array (
            0 => 
            array (
              'field_code' => 'PHONE',
              'values' => 
              array (
                0 => 
                array (
                  'enum_code' => 'WORK',
                  'value' => '+7 (793) 089-49-39',
                ),
              ),
            ),
          ),
        ),
      ),
    ),
  ),
)
[15.12.2023 16:48:28] Error 402: 
[15.12.2023 16:48:28] 'Undefined error'
[15.12.2023 16:48:28] SendData out: 
[15.12.2023 16:48:28] '{"title":"Payment Required","type":"https://httpstatus.es/402","status":402,"detail":"Payment required"}'
[15.12.2023 16:48:28] ReadyToWork
[15.12.2023 16:48:28] Is tokenData exists: 
[15.12.2023 16:48:28] array (
  'access_token' => 'eyJ0eXAiOiJKV1QiLCJhbGciOiJSUzI1NiIsImp0aSI6ImU0MTdkOWM3N2YyYTkwOTMzNmZhZGFiN2FiODAxYTAyZjZlMTg1ZTUzYjljOTc0Mjk5ZGRhYWJkNjkwOGI4NDRiYzE4MzBhNjI3NDg1ZThkIn0.eyJhdWQiOiJjOTYwMmU2Ni1mMzhhLTQyNTEtOWQ3MS1jYTI5YTllOTg1Y2IiLCJqdGkiOiJlNDE3ZDljNzdmMmE5MDkzMzZmYWRhYjdhYjgwMWEwMmY2ZTE4NWU1M2I5Yzk3NDI5OWRkYWFiZDY5MDhiODQ0YmMxODMwYTYyNzQ4NWU4ZCIsImlhdCI6MTcwMjY0ODEwNCwibmJmIjoxNzAyNjQ4MTA0LCJleHAiOjE3MDI3MzQ1MDQsInN1YiI6IjkyMzA3MzQiLCJncmFudF90eXBlIjoiIiwiYWNjb3VudF9pZCI6MzA4NTYzMTAsImJhc2VfZG9tYWluIjoiYW1vY3JtLnJ1IiwidmVyc2lvbiI6MSwic2NvcGVzIjpbInB1c2hfbm90aWZpY2F0aW9ucyIsImZpbGVzIiwiY3JtIiwiZmlsZXNfZGVsZXRlIiwibm90aWZpY2F0aW9ucyJdfQ.i-tkvlk6jlf3p_xPfdI6PxoQbjgIx7lpHWXTbbBS-xDIqanmXj-bxqetLrmftIYGdStaAe6OW2yxw9h4OjVw6a6C79HhDZItqw90OYNrUORnF8QKc9HeeYTJ-KJKtOPBWhd3s7z16kNdRBGjVTGbIJYuJ1O3a9_r71YFfAc_6Y6ktu8wgBVnwUok4gfoN9iUJx57JhMw7md8gzgrycuwBSs7eIjJgErjhtR6WSo_RaNb2fN-kgWCxYaPPUJeeVVN1wpgz8IQ_Vyph7FZlfjET-okjlDIlUifHHTi44owpWf5daK_N8vQaCcEn3gKNNucJrtnpR4JDqF88GPCRvUiPw',
  'refresh_token' => 'def502003c221c953723823d5e32d7a019fdcfa5392a57c0265ef022d02304570ea14c9a7c0ea9d2cc96241c46077ee9f9642da9e5ee9839e75c3d3c119db94e028c1b79a50c3824fcf03dee89d9cfd9cbada1f4ce819f9ad6cc6efa0cb032b3c9e9fe4ebcd3d513e7d7c511e53a8d17d03863fc83a2a94b828b1ee9ee7a2aba8392ad3f0c8a76a93e3cc8aaaa06fd4b555bb406ceb6a34d42dd45973ab365b94e40c583bb41f208815a62b972f00eb556eb5654ae6fc1a7ca2b0ab94dc7a21d01b5669887242d0195ff5c32c09714100de29ad6f4bbcf52382bf60aff57d425110fad85482694017fce9baf203d50499879ae832630b4e454c9220f38a7d045c96e6684d204b4bb333c1c123c47d8982c04eb72144b294bfe2ab78215086ce8fa6c2fae09bbdad7d8c09c9c70e2b8e68638b2e353ae85d6bc92ac7d186f7b36483ffa4d04b88e68472a6d723232e0eff2a655ca51f1b2704593c940bbc0363c9c2d4de4ddb59108c662aa7ca1783b90776dfe8b7a53cf4167a85b83d533e19255206eba8739714d36916575970f309e323dccb4f68985cd6dab476f9cc2a4f769d8717c86cd11a03961c0a7af17d27797c8174f165535d0bcac1f689099132bb18d7720c5f374b79701a57e31c6a96e3f20aa30858364d2f4cc3b9d1608c6dbf35c270ebdd716fde99e939cd5',
  'token_type' => 'Bearer',
  'expires_in' => 86400,
  'expires_ts' => 1702734504,
  'expires_time' => '16.12.2023 16:48',
)
[15.12.2023 16:48:28] Is token expired
[15.12.2023 16:48:28] SendData going
[15.12.2023 16:48:28] SendData post: 
[15.12.2023 16:48:28] array (
  0 => 
  array (
    'responsible_user_id' => 9230734,
    'created_by' => 9230734,
    'pipeline_id' => 6439062,
    'status_id' => 55025766,
    'name' => 'Сергей',
    'price' => 0,
    '_embedded' => 
    array (
      'metadata' => 
      array (
        'category' => 'forms',
        'form_sent_at' => 1702648108,
        'ip' => '212.35.173.210',
        'referer' => 'https://proudly.ru/',
        'form_id' => '5',
        'form_name' => 'Мы перезвоним!',
        'form_page' => 'Главая страница',
      ),
      'contacts' => 
      array (
        0 => 
        array (
          'first_name' => 'Сергей',
          'custom_fields_values' => 
          array (
            0 => 
            array (
              'field_code' => 'PHONE',
              'values' => 
              array (
                0 => 
                array (
                  'enum_code' => 'WORK',
                  'value' => '+7 (793) 089-49-39',
                ),
              ),
            ),
          ),
        ),
      ),
    ),
  ),
)
[15.12.2023 16:48:29] Error 402: 
[15.12.2023 16:48:29] 'Undefined error'
[15.12.2023 16:48:29] SendData out: 
[15.12.2023 16:48:29] '{"title":"Payment Required","type":"https://httpstatus.es/402","status":402,"detail":"Payment required"}'
[22.12.2023 06:51:18] ReadyToWork
[22.12.2023 06:51:18] Is tokenData exists: 
[22.12.2023 06:51:18] array (
  'access_token' => 'eyJ0eXAiOiJKV1QiLCJhbGciOiJSUzI1NiIsImp0aSI6ImU0MTdkOWM3N2YyYTkwOTMzNmZhZGFiN2FiODAxYTAyZjZlMTg1ZTUzYjljOTc0Mjk5ZGRhYWJkNjkwOGI4NDRiYzE4MzBhNjI3NDg1ZThkIn0.eyJhdWQiOiJjOTYwMmU2Ni1mMzhhLTQyNTEtOWQ3MS1jYTI5YTllOTg1Y2IiLCJqdGkiOiJlNDE3ZDljNzdmMmE5MDkzMzZmYWRhYjdhYjgwMWEwMmY2ZTE4NWU1M2I5Yzk3NDI5OWRkYWFiZDY5MDhiODQ0YmMxODMwYTYyNzQ4NWU4ZCIsImlhdCI6MTcwMjY0ODEwNCwibmJmIjoxNzAyNjQ4MTA0LCJleHAiOjE3MDI3MzQ1MDQsInN1YiI6IjkyMzA3MzQiLCJncmFudF90eXBlIjoiIiwiYWNjb3VudF9pZCI6MzA4NTYzMTAsImJhc2VfZG9tYWluIjoiYW1vY3JtLnJ1IiwidmVyc2lvbiI6MSwic2NvcGVzIjpbInB1c2hfbm90aWZpY2F0aW9ucyIsImZpbGVzIiwiY3JtIiwiZmlsZXNfZGVsZXRlIiwibm90aWZpY2F0aW9ucyJdfQ.i-tkvlk6jlf3p_xPfdI6PxoQbjgIx7lpHWXTbbBS-xDIqanmXj-bxqetLrmftIYGdStaAe6OW2yxw9h4OjVw6a6C79HhDZItqw90OYNrUORnF8QKc9HeeYTJ-KJKtOPBWhd3s7z16kNdRBGjVTGbIJYuJ1O3a9_r71YFfAc_6Y6ktu8wgBVnwUok4gfoN9iUJx57JhMw7md8gzgrycuwBSs7eIjJgErjhtR6WSo_RaNb2fN-kgWCxYaPPUJeeVVN1wpgz8IQ_Vyph7FZlfjET-okjlDIlUifHHTi44owpWf5daK_N8vQaCcEn3gKNNucJrtnpR4JDqF88GPCRvUiPw',
  'refresh_token' => 'def502003c221c953723823d5e32d7a019fdcfa5392a57c0265ef022d02304570ea14c9a7c0ea9d2cc96241c46077ee9f9642da9e5ee9839e75c3d3c119db94e028c1b79a50c3824fcf03dee89d9cfd9cbada1f4ce819f9ad6cc6efa0cb032b3c9e9fe4ebcd3d513e7d7c511e53a8d17d03863fc83a2a94b828b1ee9ee7a2aba8392ad3f0c8a76a93e3cc8aaaa06fd4b555bb406ceb6a34d42dd45973ab365b94e40c583bb41f208815a62b972f00eb556eb5654ae6fc1a7ca2b0ab94dc7a21d01b5669887242d0195ff5c32c09714100de29ad6f4bbcf52382bf60aff57d425110fad85482694017fce9baf203d50499879ae832630b4e454c9220f38a7d045c96e6684d204b4bb333c1c123c47d8982c04eb72144b294bfe2ab78215086ce8fa6c2fae09bbdad7d8c09c9c70e2b8e68638b2e353ae85d6bc92ac7d186f7b36483ffa4d04b88e68472a6d723232e0eff2a655ca51f1b2704593c940bbc0363c9c2d4de4ddb59108c662aa7ca1783b90776dfe8b7a53cf4167a85b83d533e19255206eba8739714d36916575970f309e323dccb4f68985cd6dab476f9cc2a4f769d8717c86cd11a03961c0a7af17d27797c8174f165535d0bcac1f689099132bb18d7720c5f374b79701a57e31c6a96e3f20aa30858364d2f4cc3b9d1608c6dbf35c270ebdd716fde99e939cd5',
  'token_type' => 'Bearer',
  'expires_in' => 86400,
  'expires_ts' => 1702734504,
  'expires_time' => '16.12.2023 16:48',
)
[22.12.2023 06:51:18] Is token expired: 
[22.12.2023 06:51:18] true
[22.12.2023 06:51:18] Refresh going
[22.12.2023 06:51:18] Http status: 
[22.12.2023 06:51:18] 200
[22.12.2023 06:51:18] Refresh: 
[22.12.2023 06:51:18] '{"token_type":"Bearer","expires_in":86400,"access_token":"eyJ0eXAiOiJKV1QiLCJhbGciOiJSUzI1NiIsImp0aSI6ImVhNTdhMjg2NTk5OTY3NmE4MDYzZWQ3NWYzNzYyNDQ4NGY2MTZhNmU3MDNiMTRlYWYwZDY2MWE1ZTAzMjFlNWI1MWNmNmEwODAxNGIxZTBlIn0.eyJhdWQiOiJjOTYwMmU2Ni1mMzhhLTQyNTEtOWQ3MS1jYTI5YTllOTg1Y2IiLCJqdGkiOiJlYTU3YTI4NjU5OTk2NzZhODA2M2VkNzVmMzc2MjQ0ODRmNjE2YTZlNzAzYjE0ZWFmMGQ2NjFhNWUwMzIxZTViNTFjZjZhMDgwMTRiMWUwZSIsImlhdCI6MTcwMzIxNzA3OCwibmJmIjoxNzAzMjE3MDc4LCJleHAiOjE3MDMzMDM0NzgsInN1YiI6IjkyMzA3MzQiLCJncmFudF90eXBlIjoiIiwiYWNjb3VudF9pZCI6MzA4NTYzMTAsImJhc2VfZG9tYWluIjoiYW1vY3JtLnJ1IiwidmVyc2lvbiI6MSwic2NvcGVzIjpbInB1c2hfbm90aWZpY2F0aW9ucyIsImZpbGVzIiwiY3JtIiwiZmlsZXNfZGVsZXRlIiwibm90aWZpY2F0aW9ucyJdfQ.Ee0AZcxgaJssbVhepEEpwtslOKUV-u8vFizVf5FTlI7bKmsOjiLPDUE1Tv-NujzjF78wsNUBw72-8_qUbJA8NHzLsdyt823mbevOsZ-IEv6rAtCaoOyLEBlEyuuk6rjfHz1nzeRhOn5pO-98jJZGx25BNpNZApdGSe_B5GbiOtHkUXp3PmMPVNCk8i-KfY0S5210VDPUvg69ViWc9x9rTFbV4unAD-qT48pXuXiEb1uUpcJQu2Saj80NpjpmeBOi1_-Y_ekSZVUXheFyBmHuS0MJIVRae5nZlSVcT-eknoujY0Wj1N5SQIIkv5A0kQBMRMbBQLUuYCMs_4Zvmwf53w","refresh_token":"def50200eb5a8f480f511b8769f3ee8c2c2607d76dfca74247f3a6f5fa99669b6a5f9fdd748b62be52a6d4c42010e0b41b600da9576dfa8b2dd531f0f5e46a96b0d3b5a28e926999694845bde5303bfc909aa2c0c6d6e7a73227f4f08848ebf8f8f13554b6a9718e26d4d0ae1c581358c31bdfa006e43dfd97686fa3b034a3004648471d260353456cc7080dbf98511f0253119b9c3bec91d1dbb5325d4773ace5cf3a2e1eaa8b1bebe064861ce1c9a1e5fa98f20f4549f38b6de880fc03594aca06a1b0f68576a8d0564caab64dbd8945bf697a3995fd1ec7e1c0410d45eaf14507ccad65fd35f940c50bfb2db98f1a3967c7d37f2c5b11997466d06a5eacf6efd70f84269843b98b67349da9b2a2725e8e8a40599b70e65efd40f7e019359e9867ba7f53bb5813c3fdd7886896cdbc5515be05c0d63276f1d8ccf8d87f3044fad5c8e645dc35815028a7be37df79e70e8a1e703f470a50fd021b9d9630c4659224a3667feba97d395f09df05f92078043c24e7aea25d86cad1f7c953051c62344aed277645ccc17d9d66007138c9a4f51b3173b1a8f1d38aa2ef86f4cf7f9db1fdeff0a7153772f997e8765a8bd7d202fad5026a5b1a6baf705af333cabb4a87856d1e1f020645a1e9a5d9f388fa68cecc27a19b55b1372d56da0946ac27841546bfe41f17752c30e8d606d8"}'
[22.12.2023 06:51:18] ReadyToWork
[22.12.2023 06:51:18] Is tokenData exists: 
[22.12.2023 06:51:18] array (
  'access_token' => 'eyJ0eXAiOiJKV1QiLCJhbGciOiJSUzI1NiIsImp0aSI6ImVhNTdhMjg2NTk5OTY3NmE4MDYzZWQ3NWYzNzYyNDQ4NGY2MTZhNmU3MDNiMTRlYWYwZDY2MWE1ZTAzMjFlNWI1MWNmNmEwODAxNGIxZTBlIn0.eyJhdWQiOiJjOTYwMmU2Ni1mMzhhLTQyNTEtOWQ3MS1jYTI5YTllOTg1Y2IiLCJqdGkiOiJlYTU3YTI4NjU5OTk2NzZhODA2M2VkNzVmMzc2MjQ0ODRmNjE2YTZlNzAzYjE0ZWFmMGQ2NjFhNWUwMzIxZTViNTFjZjZhMDgwMTRiMWUwZSIsImlhdCI6MTcwMzIxNzA3OCwibmJmIjoxNzAzMjE3MDc4LCJleHAiOjE3MDMzMDM0NzgsInN1YiI6IjkyMzA3MzQiLCJncmFudF90eXBlIjoiIiwiYWNjb3VudF9pZCI6MzA4NTYzMTAsImJhc2VfZG9tYWluIjoiYW1vY3JtLnJ1IiwidmVyc2lvbiI6MSwic2NvcGVzIjpbInB1c2hfbm90aWZpY2F0aW9ucyIsImZpbGVzIiwiY3JtIiwiZmlsZXNfZGVsZXRlIiwibm90aWZpY2F0aW9ucyJdfQ.Ee0AZcxgaJssbVhepEEpwtslOKUV-u8vFizVf5FTlI7bKmsOjiLPDUE1Tv-NujzjF78wsNUBw72-8_qUbJA8NHzLsdyt823mbevOsZ-IEv6rAtCaoOyLEBlEyuuk6rjfHz1nzeRhOn5pO-98jJZGx25BNpNZApdGSe_B5GbiOtHkUXp3PmMPVNCk8i-KfY0S5210VDPUvg69ViWc9x9rTFbV4unAD-qT48pXuXiEb1uUpcJQu2Saj80NpjpmeBOi1_-Y_ekSZVUXheFyBmHuS0MJIVRae5nZlSVcT-eknoujY0Wj1N5SQIIkv5A0kQBMRMbBQLUuYCMs_4Zvmwf53w',
  'refresh_token' => 'def50200eb5a8f480f511b8769f3ee8c2c2607d76dfca74247f3a6f5fa99669b6a5f9fdd748b62be52a6d4c42010e0b41b600da9576dfa8b2dd531f0f5e46a96b0d3b5a28e926999694845bde5303bfc909aa2c0c6d6e7a73227f4f08848ebf8f8f13554b6a9718e26d4d0ae1c581358c31bdfa006e43dfd97686fa3b034a3004648471d260353456cc7080dbf98511f0253119b9c3bec91d1dbb5325d4773ace5cf3a2e1eaa8b1bebe064861ce1c9a1e5fa98f20f4549f38b6de880fc03594aca06a1b0f68576a8d0564caab64dbd8945bf697a3995fd1ec7e1c0410d45eaf14507ccad65fd35f940c50bfb2db98f1a3967c7d37f2c5b11997466d06a5eacf6efd70f84269843b98b67349da9b2a2725e8e8a40599b70e65efd40f7e019359e9867ba7f53bb5813c3fdd7886896cdbc5515be05c0d63276f1d8ccf8d87f3044fad5c8e645dc35815028a7be37df79e70e8a1e703f470a50fd021b9d9630c4659224a3667feba97d395f09df05f92078043c24e7aea25d86cad1f7c953051c62344aed277645ccc17d9d66007138c9a4f51b3173b1a8f1d38aa2ef86f4cf7f9db1fdeff0a7153772f997e8765a8bd7d202fad5026a5b1a6baf705af333cabb4a87856d1e1f020645a1e9a5d9f388fa68cecc27a19b55b1372d56da0946ac27841546bfe41f17752c30e8d606d8',
  'token_type' => 'Bearer',
  'expires_in' => 86400,
  'expires_ts' => 1703303478,
  'expires_time' => '23.12.2023 06:51',
)
[22.12.2023 06:51:18] Is token expired
[22.12.2023 06:51:18] SendData going
[22.12.2023 06:51:18] SendData post: 
[22.12.2023 06:51:18] array (
  0 => 
  array (
    'responsible_user_id' => 9230734,
    'created_by' => 9230734,
    'pipeline_id' => 6439062,
    'status_id' => 55025766,
    'name' => 'Алексей',
    'price' => 0,
    '_embedded' => 
    array (
      'metadata' => 
      array (
        'category' => 'forms',
        'form_sent_at' => 1703217078,
        'ip' => '95.25.121.222',
        'referer' => 'https://proudly.ru/',
        'form_id' => '2',
        'form_name' => 'Давайте начнем новый проект вместе!',
        'form_page' => 'Главая страница',
      ),
      'contacts' => 
      array (
        0 => 
        array (
          'first_name' => 'Алексей',
          'custom_fields_values' => 
          array (
            0 => 
            array (
              'field_code' => 'PHONE',
              'values' => 
              array (
                0 => 
                array (
                  'enum_code' => 'WORK',
                  'value' => '+7 (861) 236-60-56',
                ),
              ),
            ),
          ),
        ),
      ),
    ),
  ),
)
[22.12.2023 06:51:19] Error 402: 
[22.12.2023 06:51:19] 'Undefined error'
[22.12.2023 06:51:19] SendData out: 
[22.12.2023 06:51:19] '{"title":"Payment Required","type":"https://httpstatus.es/402","status":402,"detail":"Payment required"}'
[20.08.2024 12:22:53] ReadyToWork
[20.08.2024 12:22:53] Is tokenData exists: 
[20.08.2024 12:22:53] array (
  'access_token' => 'eyJ0eXAiOiJKV1QiLCJhbGciOiJSUzI1NiIsImp0aSI6ImVhNTdhMjg2NTk5OTY3NmE4MDYzZWQ3NWYzNzYyNDQ4NGY2MTZhNmU3MDNiMTRlYWYwZDY2MWE1ZTAzMjFlNWI1MWNmNmEwODAxNGIxZTBlIn0.eyJhdWQiOiJjOTYwMmU2Ni1mMzhhLTQyNTEtOWQ3MS1jYTI5YTllOTg1Y2IiLCJqdGkiOiJlYTU3YTI4NjU5OTk2NzZhODA2M2VkNzVmMzc2MjQ0ODRmNjE2YTZlNzAzYjE0ZWFmMGQ2NjFhNWUwMzIxZTViNTFjZjZhMDgwMTRiMWUwZSIsImlhdCI6MTcwMzIxNzA3OCwibmJmIjoxNzAzMjE3MDc4LCJleHAiOjE3MDMzMDM0NzgsInN1YiI6IjkyMzA3MzQiLCJncmFudF90eXBlIjoiIiwiYWNjb3VudF9pZCI6MzA4NTYzMTAsImJhc2VfZG9tYWluIjoiYW1vY3JtLnJ1IiwidmVyc2lvbiI6MSwic2NvcGVzIjpbInB1c2hfbm90aWZpY2F0aW9ucyIsImZpbGVzIiwiY3JtIiwiZmlsZXNfZGVsZXRlIiwibm90aWZpY2F0aW9ucyJdfQ.Ee0AZcxgaJssbVhepEEpwtslOKUV-u8vFizVf5FTlI7bKmsOjiLPDUE1Tv-NujzjF78wsNUBw72-8_qUbJA8NHzLsdyt823mbevOsZ-IEv6rAtCaoOyLEBlEyuuk6rjfHz1nzeRhOn5pO-98jJZGx25BNpNZApdGSe_B5GbiOtHkUXp3PmMPVNCk8i-KfY0S5210VDPUvg69ViWc9x9rTFbV4unAD-qT48pXuXiEb1uUpcJQu2Saj80NpjpmeBOi1_-Y_ekSZVUXheFyBmHuS0MJIVRae5nZlSVcT-eknoujY0Wj1N5SQIIkv5A0kQBMRMbBQLUuYCMs_4Zvmwf53w',
  'refresh_token' => 'def50200eb5a8f480f511b8769f3ee8c2c2607d76dfca74247f3a6f5fa99669b6a5f9fdd748b62be52a6d4c42010e0b41b600da9576dfa8b2dd531f0f5e46a96b0d3b5a28e926999694845bde5303bfc909aa2c0c6d6e7a73227f4f08848ebf8f8f13554b6a9718e26d4d0ae1c581358c31bdfa006e43dfd97686fa3b034a3004648471d260353456cc7080dbf98511f0253119b9c3bec91d1dbb5325d4773ace5cf3a2e1eaa8b1bebe064861ce1c9a1e5fa98f20f4549f38b6de880fc03594aca06a1b0f68576a8d0564caab64dbd8945bf697a3995fd1ec7e1c0410d45eaf14507ccad65fd35f940c50bfb2db98f1a3967c7d37f2c5b11997466d06a5eacf6efd70f84269843b98b67349da9b2a2725e8e8a40599b70e65efd40f7e019359e9867ba7f53bb5813c3fdd7886896cdbc5515be05c0d63276f1d8ccf8d87f3044fad5c8e645dc35815028a7be37df79e70e8a1e703f470a50fd021b9d9630c4659224a3667feba97d395f09df05f92078043c24e7aea25d86cad1f7c953051c62344aed277645ccc17d9d66007138c9a4f51b3173b1a8f1d38aa2ef86f4cf7f9db1fdeff0a7153772f997e8765a8bd7d202fad5026a5b1a6baf705af333cabb4a87856d1e1f020645a1e9a5d9f388fa68cecc27a19b55b1372d56da0946ac27841546bfe41f17752c30e8d606d8',
  'token_type' => 'Bearer',
  'expires_in' => 86400,
  'expires_ts' => 1703303478,
  'expires_time' => '23.12.2023 06:51',
)
[20.08.2024 12:22:53] Is token expired: 
[20.08.2024 12:22:53] true
[20.08.2024 12:22:53] Refresh going
[20.08.2024 12:22:54] Error 401: 
[20.08.2024 12:22:54] 'Undefined error'
[20.08.2024 12:22:54] Refresh: 
[20.08.2024 12:22:54] '{"hint":"Token has expired","title":"Некорректный запрос","type":"https://developers.amocrm.ru/v3/errors/OAuthProblemJson","status":401,"detail":"В запросе отсутствует ряд параметров или параметры невалидны"}'
[20.08.2024 12:22:54] ReadyToWork
[20.08.2024 12:22:54] Is tokenData exists: 
[20.08.2024 12:22:54] array (
  'access_token' => NULL,
  'refresh_token' => NULL,
  'token_type' => NULL,
  'expires_in' => NULL,
  'expires_ts' => 1724145774,
  'expires_time' => '20.08.2024 12:22',
)
[20.08.2024 12:22:54] Is token expired: 
[20.08.2024 12:22:54] true
[20.08.2024 12:22:54] Refresh attempts count exceeded: 
[20.08.2024 12:22:54] 1
[18.04.2025 12:40:53] ReadyToWork
[18.04.2025 12:40:53] Is tokenData exists: 
[18.04.2025 12:40:53] array (
  'access_token' => NULL,
  'refresh_token' => NULL,
  'token_type' => NULL,
  'expires_in' => NULL,
  'expires_ts' => 1724145774,
  'expires_time' => '20.08.2024 12:22',
)
[18.04.2025 12:40:53] Is token expired: 
[18.04.2025 12:40:53] true
[18.04.2025 12:40:53] Refresh going
[18.04.2025 12:40:54] Error 400: 
[18.04.2025 12:40:54] 'Undefined error'
[18.04.2025 12:40:54] Refresh: 
[18.04.2025 12:40:54] '{"hint":"Check the `refresh_token` parameter","title":"Некорректный запрос","type":"https://developers.amocrm.ru/v3/errors/OAuthProblemJson","status":400,"detail":"В запросе отсутствует ряд параметров или параметры невалидны"}'
[18.04.2025 12:40:54] ReadyToWork
[18.04.2025 12:40:54] Is tokenData exists: 
[18.04.2025 12:40:54] array (
  'access_token' => NULL,
  'refresh_token' => NULL,
  'token_type' => NULL,
  'expires_in' => NULL,
  'expires_ts' => 1744969254,
  'expires_time' => '18.04.2025 12:40',
)
[18.04.2025 12:40:54] Is token expired: 
[18.04.2025 12:40:54] true
[18.04.2025 12:40:54] Refresh attempts count exceeded: 
[18.04.2025 12:40:54] 1
[08.06.2025 20:13:01] ReadyToWork
[08.06.2025 20:13:01] Is tokenData exists: 
[08.06.2025 20:13:01] array (
  'access_token' => NULL,
  'refresh_token' => NULL,
  'token_type' => NULL,
  'expires_in' => NULL,
  'expires_ts' => 1744969254,
  'expires_time' => '18.04.2025 12:40',
)
[08.06.2025 20:13:01] Is token expired: 
[08.06.2025 20:13:01] true
[08.06.2025 20:13:01] Refresh going
[08.06.2025 20:13:02] Error 400: 
[08.06.2025 20:13:02] 'Undefined error'
[08.06.2025 20:13:02] Refresh: 
[08.06.2025 20:13:02] '{"hint":"Check the `refresh_token` parameter","title":"Некорректный запрос","type":"https://developers.amocrm.ru/v3/errors/OAuthProblemJson","status":400,"detail":"В запросе отсутствует ряд параметров или параметры невалидны"}'
[08.06.2025 20:13:02] ReadyToWork
[08.06.2025 20:13:02] Is tokenData exists: 
[08.06.2025 20:13:02] array (
  'access_token' => NULL,
  'refresh_token' => NULL,
  'token_type' => NULL,
  'expires_in' => NULL,
  'expires_ts' => 1749402782,
  'expires_time' => '08.06.2025 20:13',
)
[08.06.2025 20:13:02] Is token expired: 
[08.06.2025 20:13:02] true
[08.06.2025 20:13:02] Refresh attempts count exceeded: 
[08.06.2025 20:13:02] 1
[30.03.2026 07:05:37] ReadyToWork
[30.03.2026 07:05:37] Is tokenData exists: 
[30.03.2026 07:05:37] array (
  'access_token' => NULL,
  'refresh_token' => NULL,
  'token_type' => NULL,
  'expires_in' => NULL,
  'expires_ts' => 1749402782,
  'expires_time' => '08.06.2025 20:13',
)
[30.03.2026 07:05:37] Is token expired: 
[30.03.2026 07:05:37] true
[30.03.2026 07:05:37] Refresh going
[30.03.2026 07:05:37] Error 400: 
[30.03.2026 07:05:37] 'Undefined error'
[30.03.2026 07:05:37] Refresh: 
[30.03.2026 07:05:37] '{"hint":"Check the `refresh_token` parameter","title":"Некорректный запрос","type":"https://developers.amocrm.ru/v3/errors/OAuthProblemJson","status":400,"detail":"В запросе отсутствует ряд параметров или параметры невалидны"}'
[30.03.2026 07:05:37] ReadyToWork
[30.03.2026 07:05:37] Is tokenData exists: 
[30.03.2026 07:05:37] array (
  'access_token' => NULL,
  'refresh_token' => NULL,
  'token_type' => NULL,
  'expires_in' => NULL,
  'expires_ts' => 1774843537,
  'expires_time' => '30.03.2026 07:05',
)
[30.03.2026 07:05:37] Is token expired: 
[30.03.2026 07:05:37] true
[30.03.2026 07:05:37] Refresh attempts count exceeded: 
[30.03.2026 07:05:37] 1
[30.03.2026 07:05:39] ReadyToWork
[30.03.2026 07:05:39] Is tokenData exists: 
[30.03.2026 07:05:39] array (
  'access_token' => NULL,
  'refresh_token' => NULL,
  'token_type' => NULL,
  'expires_in' => NULL,
  'expires_ts' => 1774843537,
  'expires_time' => '30.03.2026 07:05',
)
[30.03.2026 07:05:39] Is token expired: 
[30.03.2026 07:05:39] true
[30.03.2026 07:05:39] Refresh going
[30.03.2026 07:05:39] Error 400: 
[30.03.2026 07:05:39] 'Undefined error'
[30.03.2026 07:05:39] Refresh: 
[30.03.2026 07:05:39] '{"hint":"Check the `refresh_token` parameter","title":"Некорректный запрос","type":"https://developers.amocrm.ru/v3/errors/OAuthProblemJson","status":400,"detail":"В запросе отсутствует ряд параметров или параметры невалидны"}'
[30.03.2026 07:05:39] ReadyToWork
[30.03.2026 07:05:39] Is tokenData exists: 
[30.03.2026 07:05:39] array (
  'access_token' => NULL,
  'refresh_token' => NULL,
  'token_type' => NULL,
  'expires_in' => NULL,
  'expires_ts' => 1774843539,
  'expires_time' => '30.03.2026 07:05',
)
[30.03.2026 07:05:39] Is token expired: 
[30.03.2026 07:05:39] true
[30.03.2026 07:05:39] Refresh attempts count exceeded: 
[30.03.2026 07:05:39] 1
[30.03.2026 07:05:40] ReadyToWork
[30.03.2026 07:05:40] Is tokenData exists: 
[30.03.2026 07:05:40] array (
  'access_token' => NULL,
  'refresh_token' => NULL,
  'token_type' => NULL,
  'expires_in' => NULL,
  'expires_ts' => 1774843539,
  'expires_time' => '30.03.2026 07:05',
)
[30.03.2026 07:05:40] Is token expired: 
[30.03.2026 07:05:40] true
[30.03.2026 07:05:40] Refresh going
[30.03.2026 07:05:40] Error 400: 
[30.03.2026 07:05:40] 'Undefined error'
[30.03.2026 07:05:40] Refresh: 
[30.03.2026 07:05:40] '{"hint":"Check the `refresh_token` parameter","title":"Некорректный запрос","type":"https://developers.amocrm.ru/v3/errors/OAuthProblemJson","status":400,"detail":"В запросе отсутствует ряд параметров или параметры невалидны"}'
[30.03.2026 07:05:40] ReadyToWork
[30.03.2026 07:05:40] Is tokenData exists: 
[30.03.2026 07:05:40] array (
  'access_token' => NULL,
  'refresh_token' => NULL,
  'token_type' => NULL,
  'expires_in' => NULL,
  'expires_ts' => 1774843540,
  'expires_time' => '30.03.2026 07:05',
)
[30.03.2026 07:05:40] Is token expired: 
[30.03.2026 07:05:40] true
[30.03.2026 07:05:40] Refresh attempts count exceeded: 
[30.03.2026 07:05:40] 1
[30.03.2026 07:05:41] ReadyToWork
[30.03.2026 07:05:41] Is tokenData exists: 
[30.03.2026 07:05:41] array (
  'access_token' => NULL,
  'refresh_token' => NULL,
  'token_type' => NULL,
  'expires_in' => NULL,
  'expires_ts' => 1774843540,
  'expires_time' => '30.03.2026 07:05',
)
[30.03.2026 07:05:41] Is token expired: 
[30.03.2026 07:05:41] true
[30.03.2026 07:05:41] Refresh going
[30.03.2026 07:05:41] Error 400: 
[30.03.2026 07:05:41] 'Undefined error'
[30.03.2026 07:05:41] Refresh: 
[30.03.2026 07:05:41] '{"hint":"Check the `refresh_token` parameter","title":"Некорректный запрос","type":"https://developers.amocrm.ru/v3/errors/OAuthProblemJson","status":400,"detail":"В запросе отсутствует ряд параметров или параметры невалидны"}'
[30.03.2026 07:05:41] ReadyToWork
[30.03.2026 07:05:41] Is tokenData exists: 
[30.03.2026 07:05:41] array (
  'access_token' => NULL,
  'refresh_token' => NULL,
  'token_type' => NULL,
  'expires_in' => NULL,
  'expires_ts' => 1774843541,
  'expires_time' => '30.03.2026 07:05',
)
[30.03.2026 07:05:41] Is token expired: 
[30.03.2026 07:05:41] true
[30.03.2026 07:05:41] Refresh attempts count exceeded: 
[30.03.2026 07:05:41] 1
[28.05.2026 08:37:08] ReadyToWork
[28.05.2026 08:37:08] Is tokenData exists: 
[28.05.2026 08:37:08] array (
  'access_token' => NULL,
  'refresh_token' => NULL,
  'token_type' => NULL,
  'expires_in' => NULL,
  'expires_ts' => 1774843541,
  'expires_time' => '30.03.2026 07:05',
)
[28.05.2026 08:37:08] Is token expired: 
[28.05.2026 08:37:08] true
[28.05.2026 08:37:08] Refresh going
[28.05.2026 08:37:08] Error 400: 
[28.05.2026 08:37:08] 'Undefined error'
[28.05.2026 08:37:08] Refresh: 
[28.05.2026 08:37:08] '{"hint":"Check the `refresh_token` parameter","title":"Некорректный запрос","type":"https://developers.amocrm.ru/v3/errors/OAuthProblemJson","status":400,"detail":"В запросе отсутствует ряд параметров или параметры невалидны"}'
[28.05.2026 08:37:08] ReadyToWork
[28.05.2026 08:37:08] Is tokenData exists: 
[28.05.2026 08:37:08] array (
  'access_token' => NULL,
  'refresh_token' => NULL,
  'token_type' => NULL,
  'expires_in' => NULL,
  'expires_ts' => 1779946628,
  'expires_time' => '28.05.2026 08:37',
)
[28.05.2026 08:37:08] Is token expired: 
[28.05.2026 08:37:08] true
[28.05.2026 08:37:08] Refresh attempts count exceeded: 
[28.05.2026 08:37:08] 1
[04.06.2026 02:51:31] ReadyToWork
[04.06.2026 02:51:31] Is tokenData exists: 
[04.06.2026 02:51:31] array (
  'access_token' => NULL,
  'refresh_token' => NULL,
  'token_type' => NULL,
  'expires_in' => NULL,
  'expires_ts' => 1779946628,
  'expires_time' => '28.05.2026 08:37',
)
[04.06.2026 02:51:31] Is token expired: 
[04.06.2026 02:51:31] true
[04.06.2026 02:51:31] Refresh going
[04.06.2026 02:51:31] Error 400: 
[04.06.2026 02:51:31] 'Undefined error'
[04.06.2026 02:51:31] Refresh: 
[04.06.2026 02:51:31] '{"hint":"Check the `refresh_token` parameter","title":"Некорректный запрос","type":"https://developers.amocrm.ru/v3/errors/OAuthProblemJson","status":400,"detail":"В запросе отсутствует ряд параметров или параметры невалидны"}'
[04.06.2026 02:51:31] ReadyToWork
[04.06.2026 02:51:31] Is tokenData exists: 
[04.06.2026 02:51:31] array (
  'access_token' => NULL,
  'refresh_token' => NULL,
  'token_type' => NULL,
  'expires_in' => NULL,
  'expires_ts' => 1780530691,
  'expires_time' => '04.06.2026 02:51',
)
[04.06.2026 02:51:31] Is token expired: 
[04.06.2026 02:51:31] true
[04.06.2026 02:51:31] Refresh attempts count exceeded: 
[04.06.2026 02:51:31] 1
[04.06.2026 02:51:32] ReadyToWork
[04.06.2026 02:51:32] Is tokenData exists: 
[04.06.2026 02:51:32] array (
  'access_token' => NULL,
  'refresh_token' => NULL,
  'token_type' => NULL,
  'expires_in' => NULL,
  'expires_ts' => 1780530691,
  'expires_time' => '04.06.2026 02:51',
)
[04.06.2026 02:51:32] Is token expired: 
[04.06.2026 02:51:32] true
[04.06.2026 02:51:32] Refresh going
[04.06.2026 02:51:32] Error 400: 
[04.06.2026 02:51:32] 'Undefined error'
[04.06.2026 02:51:32] Refresh: 
[04.06.2026 02:51:32] '{"hint":"Check the `refresh_token` parameter","title":"Некорректный запрос","type":"https://developers.amocrm.ru/v3/errors/OAuthProblemJson","status":400,"detail":"В запросе отсутствует ряд параметров или параметры невалидны"}'
[04.06.2026 02:51:32] ReadyToWork
[04.06.2026 02:51:32] Is tokenData exists: 
[04.06.2026 02:51:32] array (
  'access_token' => NULL,
  'refresh_token' => NULL,
  'token_type' => NULL,
  'expires_in' => NULL,
  'expires_ts' => 1780530692,
  'expires_time' => '04.06.2026 02:51',
)
[04.06.2026 02:51:32] Is token expired: 
[04.06.2026 02:51:32] true
[04.06.2026 02:51:32] Refresh attempts count exceeded: 
[04.06.2026 02:51:32] 1
[04.06.2026 02:51:33] ReadyToWork
[04.06.2026 02:51:33] Is tokenData exists: 
[04.06.2026 02:51:33] array (
  'access_token' => NULL,
  'refresh_token' => NULL,
  'token_type' => NULL,
  'expires_in' => NULL,
  'expires_ts' => 1780530692,
  'expires_time' => '04.06.2026 02:51',
)
[04.06.2026 02:51:33] Is token expired: 
[04.06.2026 02:51:33] true
[04.06.2026 02:51:33] Refresh going
[04.06.2026 02:51:33] Error 400: 
[04.06.2026 02:51:33] 'Undefined error'
[04.06.2026 02:51:33] Refresh: 
[04.06.2026 02:51:33] '{"hint":"Check the `refresh_token` parameter","title":"Некорректный запрос","type":"https://developers.amocrm.ru/v3/errors/OAuthProblemJson","status":400,"detail":"В запросе отсутствует ряд параметров или параметры невалидны"}'
[04.06.2026 02:51:33] ReadyToWork
[04.06.2026 02:51:33] Is tokenData exists: 
[04.06.2026 02:51:33] array (
  'access_token' => NULL,
  'refresh_token' => NULL,
  'token_type' => NULL,
  'expires_in' => NULL,
  'expires_ts' => 1780530693,
  'expires_time' => '04.06.2026 02:51',
)
[04.06.2026 02:51:33] Is token expired: 
[04.06.2026 02:51:33] true
[04.06.2026 02:51:33] Refresh attempts count exceeded: 
[04.06.2026 02:51:33] 1
[04.06.2026 02:51:34] ReadyToWork
[04.06.2026 02:51:34] Is tokenData exists: 
[04.06.2026 02:51:34] array (
  'access_token' => NULL,
  'refresh_token' => NULL,
  'token_type' => NULL,
  'expires_in' => NULL,
  'expires_ts' => 1780530693,
  'expires_time' => '04.06.2026 02:51',
)
[04.06.2026 02:51:34] Is token expired: 
[04.06.2026 02:51:34] true
[04.06.2026 02:51:34] Refresh going
[04.06.2026 02:51:34] Error 400: 
[04.06.2026 02:51:34] 'Undefined error'
[04.06.2026 02:51:34] Refresh: 
[04.06.2026 02:51:34] '{"hint":"Check the `refresh_token` parameter","title":"Некорректный запрос","type":"https://developers.amocrm.ru/v3/errors/OAuthProblemJson","status":400,"detail":"В запросе отсутствует ряд параметров или параметры невалидны"}'
[04.06.2026 02:51:34] ReadyToWork
[04.06.2026 02:51:34] Is tokenData exists: 
[04.06.2026 02:51:34] array (
  'access_token' => NULL,
  'refresh_token' => NULL,
  'token_type' => NULL,
  'expires_in' => NULL,
  'expires_ts' => 1780530694,
  'expires_time' => '04.06.2026 02:51',
)
[04.06.2026 02:51:34] Is token expired: 
[04.06.2026 02:51:34] true
[04.06.2026 02:51:34] Refresh attempts count exceeded: 
[04.06.2026 02:51:34] 1
[25.07.2026 05:34:13] ReadyToWork
[25.07.2026 05:34:13] Is tokenData exists: 
[25.07.2026 05:34:13] array (
  'access_token' => NULL,
  'refresh_token' => NULL,
  'token_type' => NULL,
  'expires_in' => NULL,
  'expires_ts' => 1780530694,
  'expires_time' => '04.06.2026 02:51',
)
[25.07.2026 05:34:13] Is token expired: 
[25.07.2026 05:34:13] true
[25.07.2026 05:34:13] Refresh going
[25.07.2026 05:34:13] Error 400: 
[25.07.2026 05:34:13] 'Undefined error'
[25.07.2026 05:34:13] Refresh: 
[25.07.2026 05:34:13] '{"hint":"Check the `refresh_token` parameter","title":"Некорректный запрос","type":"https://developers.amocrm.ru/v3/errors/OAuthProblemJson","status":400,"detail":"В запросе отсутствует ряд параметров или параметры невалидны"}'
[25.07.2026 05:34:13] ReadyToWork
[25.07.2026 05:34:13] Is tokenData exists: 
[25.07.2026 05:34:13] array (
  'access_token' => NULL,
  'refresh_token' => NULL,
  'token_type' => NULL,
  'expires_in' => NULL,
  'expires_ts' => 1784946853,
  'expires_time' => '25.07.2026 05:34',
)
[25.07.2026 05:34:13] Is token expired: 
[25.07.2026 05:34:13] true
[25.07.2026 05:34:13] Refresh attempts count exceeded: 
[25.07.2026 05:34:13] 1
[20.08.2026 16:46:54] ReadyToWork
[20.08.2026 16:46:54] Is tokenData exists: 
[20.08.2026 16:46:54] array (
  'access_token' => NULL,
  'refresh_token' => NULL,
  'token_type' => NULL,
  'expires_in' => NULL,
  'expires_ts' => 1784946853,
  'expires_time' => '25.07.2026 05:34',
)
[20.08.2026 16:46:54] Is token expired: 
[20.08.2026 16:46:54] true
[20.08.2026 16:46:54] Refresh going
[20.08.2026 16:46:54] Error 400: 
[20.08.2026 16:46:54] 'Undefined error'
[20.08.2026 16:46:54] Refresh: 
[20.08.2026 16:46:54] '{"hint":"Check the `refresh_token` parameter","title":"Некорректный запрос","type":"https://developers.amocrm.ru/v3/errors/OAuthProblemJson","status":400,"detail":"В запросе отсутствует ряд параметров или параметры невалидны"}'
[20.08.2026 16:46:54] ReadyToWork
[20.08.2026 16:46:54] Is tokenData exists: 
[20.08.2026 16:46:54] array (
  'access_token' => NULL,
  'refresh_token' => NULL,
  'token_type' => NULL,
  'expires_in' => NULL,
  'expires_ts' => 1787233614,
  'expires_time' => '20.08.2026 16:46',
)
[20.08.2026 16:46:54] Is token expired: 
[20.08.2026 16:46:54] true
[20.08.2026 16:46:54] Refresh attempts count exceeded: 
[20.08.2026 16:46:54] 1
[20.08.2026 16:47:13] ReadyToWork
[20.08.2026 16:47:13] Is tokenData exists: 
[20.08.2026 16:47:13] array (
  'access_token' => NULL,
  'refresh_token' => NULL,
  'token_type' => NULL,
  'expires_in' => NULL,
  'expires_ts' => 1787233614,
  'expires_time' => '20.08.2026 16:46',
)
[20.08.2026 16:47:13] Is token expired: 
[20.08.2026 16:47:13] true
[20.08.2026 16:47:13] Refresh going
[20.08.2026 16:47:13] Error 400: 
[20.08.2026 16:47:13] 'Undefined error'
[20.08.2026 16:47:13] Refresh: 
[20.08.2026 16:47:13] '{"hint":"Check the `refresh_token` parameter","title":"Некорректный запрос","type":"https://developers.amocrm.ru/v3/errors/OAuthProblemJson","status":400,"detail":"В запросе отсутствует ряд параметров или параметры невалидны"}'
[20.08.2026 16:47:13] ReadyToWork
[20.08.2026 16:47:13] Is tokenData exists: 
[20.08.2026 16:47:13] array (
  'access_token' => NULL,
  'refresh_token' => NULL,
  'token_type' => NULL,
  'expires_in' => NULL,
  'expires_ts' => 1787233633,
  'expires_time' => '20.08.2026 16:47',
)
[20.08.2026 16:47:13] Is token expired: 
[20.08.2026 16:47:13] true
[20.08.2026 16:47:13] Refresh attempts count exceeded: 
[20.08.2026 16:47:13] 1
[03.09.2026 07:10:55] ReadyToWork
[03.09.2026 07:10:55] Is tokenData exists: 
[03.09.2026 07:10:55] array (
  'access_token' => NULL,
  'refresh_token' => NULL,
  'token_type' => NULL,
  'expires_in' => NULL,
  'expires_ts' => 1787233633,
  'expires_time' => '20.08.2026 16:47',
)
[03.09.2026 07:10:55] Is token expired: 
[03.09.2026 07:10:55] true
[03.09.2026 07:10:55] Refresh going
[03.09.2026 07:10:55] Error 400: 
[03.09.2026 07:10:55] 'Undefined error'
[03.09.2026 07:10:55] Refresh: 
[03.09.2026 07:10:55] '{"hint":"Check the `refresh_token` parameter","title":"Некорректный запрос","type":"https://developers.amocrm.ru/v3/errors/OAuthProblemJson","status":400,"detail":"В запросе отсутствует ряд параметров или параметры невалидны"}'
[03.09.2026 07:10:55] ReadyToWork
[03.09.2026 07:10:55] Is tokenData exists: 
[03.09.2026 07:10:55] array (
  'access_token' => NULL,
  'refresh_token' => NULL,
  'token_type' => NULL,
  'expires_in' => NULL,
  'expires_ts' => 1788408655,
  'expires_time' => '03.09.2026 07:10',
)
[03.09.2026 07:10:55] Is token expired: 
[03.09.2026 07:10:55] true
[03.09.2026 07:10:55] Refresh attempts count exceeded: 
[03.09.2026 07:10:55] 1
